Fecha,Visitas
2026-01-01,1239
2026-01-02,2090
2026-01-03,1701
2026-01-04,1903
2026-01-05,2122
2026-01-06,2321
2026-01-07,2049
2026-01-08,1806
2026-01-09,2821
2026-01-10,2826
2026-01-11,2459
2026-01-12,2908
2026-01-13,4382
2026-01-14,3176
2026-01-15,3133
2026-01-16,2603
2026-01-17,2502
2026-01-18,2657
2026-01-19,3235
2026-01-20,2576
2026-01-21,3070
2026-01-22,2988
2026-01-23,4232
2026-01-24,2880
2026-01-25,2813
2026-01-26,3373
2026-01-27,3431
2026-01-28,3165
2026-01-29,3402
2026-01-30,4057
2026-01-31,3274
2026-02-01,3614
2026-02-02,3830
2026-02-03,3664
2026-02-04,3534
2026-02-05,4491
2026-02-06,3210
2026-02-07,3153
2026-02-08,3095
2026-02-09,3566
2026-02-10,3420
2026-02-11,3774
2026-02-12,3489
2026-02-13,4055
2026-02-14,3075
2026-02-15,3072
2026-02-16,2829
2026-02-17,3599
2026-02-18,3796
2026-02-19,4167
2026-02-20,5750
2026-02-21,4343
2026-02-22,3774
2026-02-23,4237
2026-02-24,4556
2026-02-25,4271
2026-02-26,4662
2026-02-27,4679
2026-02-28,3896
2026-03-01,3638
2026-03-02,3606
2026-03-03,4191
2026-03-04,4646
2026-03-05,6332
2026-03-06,3913
2026-03-07,4171
2026-03-08,3980
2026-03-09,4100
2026-03-10,4468
2026-03-11,4078
2026-03-12,4096
2026-03-13,6413
2026-03-14,4157
2026-03-15,3729
2026-03-16,4479
2026-03-17,5080
2026-03-18,4891
2026-03-19,7802
2026-03-20,4810
2026-03-21,5213
2026-03-22,4146
2026-03-23,4963
2026-03-24,4437
2026-03-25,5386
2026-03-26,5601
2026-03-27,8008
2026-03-28,5389
2026-03-29,5605
2026-03-30,6329
2026-03-31,5792
2026-04-01,7982
2026-04-02,4847
2026-04-03,4565
2026-04-04,4470
2026-04-05,3347
2026-04-06,4180
2026-04-07,3783
2026-04-08,4133
2026-04-09,3543
2026-04-10,6210
2026-04-11,3412
2026-04-12,3259
2026-04-13,3933
2026-04-14,3085
2026-04-15,4168
2026-04-16,3839
2026-04-17,5756
2026-04-18,3380
2026-04-19,3165
2026-04-20,3790
2026-04-21,4201
2026-04-22,4082
2026-04-23,3539
2026-04-24,5669
2026-04-25,3883
2026-04-26,3642
