Fecha,FR_Items,FR_Items_Reemplazo,FR_Compras,FR_Compras_Reemplazo,Compra_Perfecta,On_Time,Cancel_Rate,Cancel_Buyer,Cancel_Stockout,Cancel_Seller
2026-08-07,0.9325,0.9395,0.7138,0.735,0.7138,0.7097,0.0656,0.0594,0.0031,0.0031
2026-08-08,0.9407,0.9461,0.6783,0.713,0.6783,0.6079,0.0872,0.0821,0.0051,0.0
2026-08-09,0.9448,0.9499,0.719,0.7582,0.719,0.8766,0.05,0.0389,0.0056,0.0056
2026-08-10,0.9479,0.9532,0.7255,0.7569,0.7255,0.9762,0.0361,0.0144,0.0108,0.0108
2026-08-11,0.9346,0.944,0.7029,0.749,0.7029,0.9397,0.0685,0.032,0.0274,0.0137
2026-08-12,0.9391,0.9404,0.7327,0.7465,0.7327,0.9491,0.0634,0.0488,0.0049,0.0098
2026-08-13,0.94,0.9512,0.715,0.755,0.715,0.9184,0.0598,0.0319,0.0199,0.008
2026-08-14,0.9456,0.9492,0.7591,0.7909,0.7591,0.8894,0.0519,0.0377,0.0142,0.0
2026-08-15,0.9456,0.9558,0.7079,0.7574,0.7079,0.925,0.0484,0.0376,0.0108,0.0
2026-08-16,0.9476,0.951,0.6299,0.6693,0.6299,0.9524,0.0455,0.0379,0.0076,0.0
2026-08-17,0.9624,0.965,0.7328,0.7414,0.7328,1.0,0.0494,0.037,0.0062,0.0062
2026-08-18,0.9496,0.9547,0.7438,0.7635,0.7438,0.9545,0.0487,0.0133,0.0265,0.0088
2026-08-19,0.9531,0.9616,0.7103,0.7617,0.7103,0.934,0.0642,0.0413,0.0229,0.0
2026-08-20,0.9288,0.9324,0.801,0.8112,0.801,0.9323,0.0161,0.0108,0.0054,0.0
2026-08-21,0.9562,0.9632,0.6935,0.7437,0.6935,0.9388,0.041,0.0256,0.0103,0.0051
2026-08-22,0.9583,0.9691,0.7212,0.7818,0.7212,0.9939,0.0461,0.0329,0.0066,0.0066
2026-08-23,0.9347,0.9484,0.6639,0.7049,0.6639,0.9658,0.0307,0.0123,0.0184,0.0
2026-08-24,0.9569,0.9643,0.7095,0.7429,0.7095,0.9571,0.0324,0.0243,0.004,0.004
2026-08-25,0.9405,0.9429,0.726,0.758,0.726,0.9479,0.0553,0.023,0.0323,0.0046
2026-08-26,0.9345,0.9434,0.7387,0.7739,0.7387,0.899,0.04,0.015,0.01,0.015
2026-08-27,0.9586,0.9603,0.7524,0.7667,0.7524,0.8488,0.0721,0.045,0.0225,0.0045
2026-08-28,0.9378,0.9428,0.6952,0.719,0.6952,0.9655,0.0524,0.0314,0.0209,0.0
2026-08-29,0.9486,0.951,0.732,0.7526,0.732,0.8351,0.0524,0.0393,0.0131,0.0
2026-08-30,0.9446,0.9499,0.6439,0.6667,0.6439,0.8788,0.0429,0.0286,0.0143,0.0
2026-08-31,0.9427,0.9433,0.7019,0.7115,0.7019,0.965,0.0435,0.0087,0.0261,0.0087
2026-09-01,0.947,0.947,0.734,0.734,0.734,0.925,0.0415,0.0249,0.0166,0.0
2026-09-02,0.9489,0.9519,0.7364,0.7448,0.7364,0.7992,0.0393,0.0107,0.0107,0.0179
2026-09-03,0.9434,0.9449,0.7597,0.7636,0.7597,0.7103,0.0754,0.0556,0.0198,0.0
2026-09-04,0.9243,0.9269,0.7317,0.7398,0.7317,0.8292,0.087,0.0483,0.029,0.0097
2026-09-05,0.9515,0.957,0.7273,0.75,0.7273,0.9598,0.0307,0.0245,0.0061,0.0
2026-09-06,0.9337,0.9361,0.6752,0.6838,0.6752,0.9402,0.0402,0.0287,0.0057,0.0057
2026-09-07,0.9421,0.9469,0.7311,0.7437,0.7311,0.8798,0.0551,0.0294,0.0184,0.0074
2026-09-08,0.9551,0.956,0.8139,0.8182,0.8139,0.8913,0.0484,0.0403,0.004,0.004
2026-09-09,0.9309,0.9348,0.7429,0.7551,0.7429,0.8797,0.0292,0.0083,0.0125,0.0083
2026-09-10,0.9602,0.9616,0.799,0.8086,0.799,0.8098,0.0423,0.0329,0.0094,0.0
2026-09-11,0.9645,0.9652,0.8341,0.8341,0.8341,0.9442,0.0387,0.0276,0.011,0.0
2026-09-12,0.9665,0.9715,0.7703,0.7973,0.7703,0.9933,0.0187,0.0125,0.0063,0.0
2026-09-13,0.9544,0.9561,0.6917,0.6992,0.6917,0.9922,0.0542,0.0361,0.0181,0.0
2026-09-14,0.9618,0.9651,0.7573,0.7718,0.7573,0.9755,0.0383,0.0287,0.0048,0.0048
2026-09-15,0.9598,0.9646,0.795,0.815,0.795,0.995,0.0213,0.0213,0.0,0.0
2026-09-16,0.9567,0.9574,0.7554,0.7597,0.7554,0.8831,0.0318,0.0227,0.0091,0.0
2026-09-17,0.942,0.9425,0.732,0.7371,0.732,0.9577,0.0446,0.0248,0.0198,0.0
2026-09-18,0.9608,0.9623,0.7793,0.7793,0.7793,0.9457,0.0556,0.0333,0.0167,0.0056
2026-09-19,0.957,0.957,0.78,0.78,0.78,0.9054,0.0566,0.044,0.0063,0.0063
2026-09-20,0.9418,0.9418,0.7658,0.7658,0.7658,0.9159,0.0692,0.0377,0.0252,0.0063
2026-09-21,0.917,0.918,0.6779,0.6827,0.6779,0.8342,0.0583,0.034,0.0243,0.0
2026-09-22,0.9421,0.9503,0.7612,0.7761,0.7612,0.9604,0.0704,0.0603,0.0,0.0101
2026-09-23,0.9452,0.9488,0.7654,0.7933,0.7654,0.9884,0.0449,0.0112,0.0225,0.0112
2026-09-24,0.9374,0.9426,0.6599,0.6904,0.6599,0.9433,0.0448,0.0299,0.01,0.005
2026-09-25,0.9406,0.9445,0.6685,0.7011,0.6685,0.8883,0.0739,0.0511,0.0114,0.0114
2026-09-26,0.9427,0.9492,0.6987,0.7244,0.6987,0.974,0.0288,0.0144,0.0144,0.0
2026-09-27,0.9281,0.9353,0.5446,0.5714,0.5446,0.9727,0.037,0.0148,0.0148,0.0074
2026-09-28,,,,,,,0.0402,0.0402,0.0,0.0
2026-09-29,0.9217,0.9247,0.6541,0.6712,0.6541,0.8811,0.0491,0.0134,0.0357,0.0
2026-09-30,0.9417,0.9425,0.7308,0.7436,0.7308,0.9022,0.0619,0.0286,0.0238,0.0095
2026-10-01,0.9427,0.9459,0.7045,0.7091,0.7045,0.8645,0.0602,0.0417,0.0185,0.0
2026-10-02,0.9413,0.946,0.6852,0.713,0.6852,0.9488,0.0603,0.0452,0.0101,0.005
2026-10-03,0.9437,0.9462,0.6588,0.6682,0.6588,0.7833,0.0733,0.0524,0.0209,0.0
2026-10-04,0.9106,0.9162,0.6583,0.675,0.6583,0.8125,0.0784,0.0523,0.0261,0.0
2026-10-05,0.9291,0.9334,0.6696,0.6828,0.6696,0.9227,0.0565,0.0261,0.0261,0.0043
2026-10-06,,,,,,,0.0,0.0,0.0,0.0
