Fecha,Tienda,Compras,Ordenes,NMV,NMV_USD,NSI,TSIE_total
2025-10-21,Scalabrini,18,147,1005749.0,682.0,328.0,330
2025-10-22,Scalabrini,18,61,812860.0,545.0,170.0,172
2025-10-23,Scalabrini,16,138,823413.0,553.0,254.0,255
2025-10-24,Scalabrini,18,173,935409.0,632.0,362.0,362
2025-10-25,Scalabrini,17,141,923846.0,619.0,290.0,293
2025-10-26,Scalabrini,12,60,555232.0,372.0,136.0,136
2025-10-27,Scalabrini,16,72,778866.0,522.0,201.0,208
2025-10-28,Scalabrini,22,172,1229769.0,857.0,358.0,358
2025-10-29,Scalabrini,31,210,1540973.0,1048.0,481.0,481
2025-10-30,Scalabrini,16,121,762873.0,531.0,241.0,243
2025-10-31,Scalabrini,21,154,1082126.0,753.0,256.0,259
2025-11-01,Scalabrini,16,68,695826.0,482.0,152.0,152
2025-11-02,Scalabrini,12,60,428700.0,297.0,161.0,161
2025-11-03,Scalabrini,30,224,1618275.0,1120.0,559.0,560
2025-11-04,Scalabrini,17,92,772309.0,521.0,166.0,166
2025-11-05,Scalabrini,21,140,1334825.0,918.0,393.0,393
2025-11-06,Scalabrini,27,249,1536519.0,1058.0,636.0,638
2025-11-06,Vicente Lopez,25,143,1144519.0,788.0,355.0,355
2025-11-07,Scalabrini,14,87,770335.0,531.0,185.0,185
2025-11-07,Vicente Lopez,24,154,1185586.0,817.0,432.0,439
2025-11-08,Scalabrini,14,129,850444.0,601.0,273.0,274
2025-11-08,Vicente Lopez,7,69,439175.0,310.0,162.0,163
2025-11-09,Scalabrini,12,132,933864.0,660.0,291.0,298
2025-11-09,Vicente Lopez,13,60,548734.0,388.0,164.0,166
2025-11-10,Scalabrini,22,138,1175392.0,831.0,327.0,327
2025-11-10,Vicente Lopez,18,157,1296120.0,916.0,410.0,412
2025-11-11,Scalabrini,14,97,830738.0,585.0,272.0,272
2025-11-11,Vicente Lopez,16,64,643507.0,453.0,157.0,157
2025-11-12,Scalabrini,28,237,1728577.0,1223.0,581.0,582
2025-11-12,Vicente Lopez,25,131,1151095.0,815.0,368.0,368
2025-11-13,Scalabrini,30,225,1743269.0,1235.0,469.0,470
2025-11-13,Vicente Lopez,15,144,1058750.0,750.0,304.0,306
2025-11-14,Scalabrini,16,100,840933.0,598.0,248.0,248
2025-11-14,Vicente Lopez,17,148,1165156.0,829.0,318.0,318
2025-11-15,Scalabrini,21,103,1272260.0,907.0,284.0,285
2025-11-15,Vicente Lopez,11,61,581424.0,414.0,145.0,145
2025-11-16,Scalabrini,13,84,578432.0,412.0,155.0,155
2025-11-16,Vicente Lopez,5,50,335331.0,239.0,78.0,78
2025-11-17,Scalabrini,25,71,978468.0,697.0,236.0,236
2025-11-17,Vicente Lopez,15,82,876810.0,625.0,198.0,198
2025-11-18,Scalabrini,26,170,1697226.0,1224.0,452.0,452
2025-11-18,Vicente Lopez,16,77,584012.0,421.0,150.0,150
2025-11-19,Scalabrini,19,93,871809.0,623.0,213.0,213
2025-11-19,Vicente Lopez,17,85,956396.0,683.0,251.0,251
2025-11-20,Scalabrini,17,143,871458.0,620.0,250.0,252
2025-11-20,Vicente Lopez,29,212,1730429.0,1230.0,471.0,471
2025-11-21,Scalabrini,17,82,762758.0,535.0,163.0,166
2025-11-21,Vicente Lopez,9,112,677015.0,475.0,182.0,182
2025-11-22,Scalabrini,20,194,1433259.0,1006.0,442.0,444
2025-11-22,Vicente Lopez,9,26,317829.0,223.0,61.0,65
2025-11-23,Scalabrini,9,63,529432.0,372.0,126.0,127
2025-11-23,Vicente Lopez,6,29,207065.0,145.0,51.0,51
2025-11-24,Scalabrini,16,88,934743.0,656.0,236.0,236
2025-11-24,Vicente Lopez,18,136,1050705.0,737.0,337.0,337
2025-11-25,Scalabrini,23,171,1135319.0,797.0,366.0,372
2025-11-25,Vicente Lopez,21,124,1115741.0,783.0,272.0,272
2025-11-26,Scalabrini,36,221,2685661.0,1855.0,747.0,756
2025-11-26,Vicente Lopez,15,101,811213.0,560.0,271.0,271
2025-11-27,Scalabrini,27,182,1280501.0,881.0,515.0,518
2025-11-27,Vicente Lopez,14,92,960137.0,661.0,246.0,246
2025-11-28,Scalabrini,15,108,1021619.0,705.0,237.0,238
2025-11-28,Vicente Lopez,23,185,1459665.0,1007.0,336.0,336
2025-11-29,Scalabrini,18,152,1493111.0,1029.0,386.0,388
2025-11-29,Vicente Lopez,13,137,1017972.0,701.0,272.0,272
2025-11-30,Scalabrini,23,241,1344841.0,927.0,391.0,399
2025-11-30,Vicente Lopez,16,113,1341700.0,924.0,331.0,331
2025-12-01,Scalabrini,21,279,2058795.0,1418.0,684.0,689
2025-12-01,Vicente Lopez,22,154,1337353.0,921.0,365.0,365
2025-12-02,Scalabrini,32,176,1605231.0,1106.0,476.0,480
2025-12-02,Vicente Lopez,22,170,1577955.0,1087.0,361.0,361
2025-12-03,Scalabrini,30,250,1927289.0,1325.0,595.0,596
2025-12-03,Vicente Lopez,19,113,957900.0,658.0,247.0,247
2025-12-04,Caballito,13,104,922130.0,635.0,281.0,284
2025-12-04,Scalabrini,25,158,1856267.0,1278.0,443.0,449
2025-12-04,Vicente Lopez,25,108,1359442.0,936.0,362.0,362
2025-12-04,Villa Urquiza,11,71,877612.0,604.0,152.0,152
2025-12-05,Caballito,22,192,1410617.0,977.0,460.0,462
2025-12-05,Scalabrini,38,229,2236286.0,1549.0,571.0,579
2025-12-05,Vicente Lopez,23,120,987153.0,684.0,262.0,266
2025-12-05,Villa Urquiza,17,71,980599.0,679.0,206.0,206
2025-12-06,Caballito,19,94,803451.0,560.0,225.0,227
2025-12-06,Scalabrini,27,305,2035446.0,1418.0,586.0,589
2025-12-06,Vicente Lopez,25,163,1649653.0,1150.0,376.0,378
2025-12-06,Villa Urquiza,13,95,874309.0,609.0,242.0,242
2025-12-07,Caballito,12,90,792496.0,552.0,203.0,204
2025-12-07,Scalabrini,16,41,555772.0,387.0,110.0,110
2025-12-07,Vicente Lopez,17,122,1006986.0,702.0,261.0,262
2025-12-07,Villa Urquiza,9,59,517882.0,361.0,126.0,126
2025-12-08,Caballito,8,87,583805.0,407.0,191.0,194
2025-12-08,Scalabrini,23,118,1120474.0,781.0,302.0,318
2025-12-08,Vicente Lopez,26,216,1802616.0,1256.0,543.0,546
2025-12-08,Villa Urquiza,5,61,488847.0,341.0,125.0,130
2025-12-09,Caballito,25,194,1725459.0,1202.0,564.0,564
2025-12-09,Scalabrini,38,235,2652285.0,1848.0,729.0,732
2025-12-09,Vicente Lopez,30,156,1752776.0,1221.0,415.0,415
2025-12-09,Villa Urquiza,24,126,1185344.0,826.0,319.0,321
2025-12-10,Caballito,24,93,1166904.0,809.0,316.0,316
2025-12-10,Scalabrini,33,201,1942539.0,1347.0,510.0,511
2025-12-10,Vicente Lopez,31,200,1948780.0,1351.0,539.0,539
2025-12-10,Villa Urquiza,10,80,808103.0,560.0,173.0,173
2025-12-11,Caballito,33,215,2022055.0,1407.0,496.0,500
2025-12-11,Scalabrini,35,211,2979964.0,2073.0,599.0,600
2025-12-11,Vicente Lopez,37,255,2117177.0,1473.0,518.0,518
2025-12-11,Villa Urquiza,14,46,923938.0,643.0,181.0,183
2025-12-12,Caballito,26,136,1385703.0,965.0,315.0,317
2025-12-12,Scalabrini,33,174,1939307.0,1350.0,440.0,454
2025-12-12,Vicente Lopez,30,129,2019817.0,1407.0,404.0,413
2025-12-12,Villa Urquiza,18,100,1354543.0,943.0,237.0,237
2025-12-13,Caballito,27,90,1125933.0,781.0,213.0,215
2025-12-13,Scalabrini,19,128,1154571.0,801.0,366.0,368
2025-12-13,Vicente Lopez,24,183,1827696.0,1268.0,434.0,434
2025-12-13,Villa Urquiza,13,98,962078.0,668.0,253.0,253
2025-12-14,Caballito,10,44,376230.0,261.0,129.0,129
2025-12-14,Scalabrini,27,215,1818253.0,1262.0,529.0,531
2025-12-14,Vicente Lopez,24,134,1317909.0,915.0,319.0,319
2025-12-14,Villa Urquiza,12,88,894560.0,621.0,157.0,157
2025-12-15,Caballito,27,180,1360413.0,944.0,387.0,395
2025-12-15,Scalabrini,31,242,2017666.0,1400.0,551.0,561
2025-12-15,Vicente Lopez,35,182,2296993.0,1594.0,528.0,532
2025-12-15,Villa Urquiza,26,84,1097687.0,762.0,269.0,270
2025-12-16,Caballito,19,88,1151650.0,801.0,297.0,299
2025-12-16,Scalabrini,43,243,2490739.0,1731.0,667.0,675
2025-12-16,Vicente Lopez,31,161,2047583.0,1423.0,406.0,418
2025-12-16,Villa Urquiza,21,111,1080386.0,751.0,331.0,332
2025-12-17,Caballito,27,120,1247497.0,860.0,298.0,307
2025-12-17,Scalabrini,45,253,3385242.0,2333.0,918.0,934
2025-12-17,Vicente Lopez,22,162,1391781.0,959.0,424.0,424
2025-12-17,Villa Urquiza,16,58,904275.0,623.0,187.0,193
2025-12-18,Caballito,18,98,871171.0,600.0,280.0,281
2025-12-18,Scalabrini,30,206,1974911.0,1361.0,508.0,509
2025-12-18,Vicente Lopez,24,105,1481259.0,1021.0,360.0,360
2025-12-18,Villa Urquiza,17,78,1107057.0,763.0,294.0,298
2025-12-19,Caballito,24,127,1102429.0,760.0,277.0,281
2025-12-19,Scalabrini,40,188,2156027.0,1486.0,593.0,600
2025-12-19,Vicente Lopez,36,164,2018255.0,1391.0,462.0,462
2025-12-19,Villa Urquiza,28,151,1515436.0,1044.0,355.0,355
2025-12-20,Caballito,27,129,1280342.0,883.0,272.0,273
2025-12-20,Scalabrini,44,192,2496661.0,1722.0,483.0,492
2025-12-20,Vicente Lopez,31,163,1916898.0,1322.0,496.0,496
2025-12-20,Villa Urquiza,19,116,1309274.0,903.0,273.0,285
2025-12-21,Caballito,37,185,1860050.0,1283.0,419.0,427
2025-12-21,Scalabrini,39,196,2192488.0,1512.0,517.0,526
2025-12-21,Vicente Lopez,26,81,1043780.0,720.0,180.0,182
2025-12-21,Villa Urquiza,24,233,1552942.0,1071.0,514.0,517
2025-12-22,Caballito,50,213,2996126.0,2066.0,567.0,582
2025-12-22,Scalabrini,52,250,2512905.0,1733.0,550.0,552
2025-12-22,Vicente Lopez,57,229,3081326.0,2125.0,566.0,570
2025-12-22,Villa Urquiza,29,113,1436301.0,991.0,267.0,268
2025-12-23,Caballito,47,192,2210765.0,1523.0,517.0,519
2025-12-23,Scalabrini,34,89,1342646.0,925.0,362.0,362
2025-12-23,Vicente Lopez,42,244,2919217.0,2010.0,527.0,527
2025-12-23,Villa Urquiza,26,158,1569991.0,1081.0,357.0,357
2025-12-24,Caballito,6,37,458761.0,316.0,136.0,136
2025-12-24,Scalabrini,9,18,239094.0,165.0,56.0,56
2025-12-24,Vicente Lopez,5,7,236784.0,163.0,25.0,25
2025-12-24,Villa Urquiza,3,14,89426.0,62.0,23.0,23
2025-12-25,Caballito,13,51,494651.0,341.0,109.0,114
2025-12-25,Scalabrini,9,38,401658.0,277.0,87.0,88
2025-12-25,Vicente Lopez,16,64,729707.0,503.0,222.0,222
2025-12-25,Villa Urquiza,10,38,580448.0,400.0,86.0,87
2025-12-26,Caballito,35,197,1666692.0,1149.0,561.0,581
2025-12-26,Scalabrini,46,277,2528416.0,1743.0,705.0,719
2025-12-26,Vicente Lopez,31,238,1773329.0,1222.0,469.0,470
2025-12-26,Villa Urquiza,23,118,1246911.0,859.0,316.0,320
2025-12-27,Caballito,20,152,847025.0,583.0,291.0,307
2025-12-27,Scalabrini,29,196,1609435.0,1108.0,554.0,554
2025-12-27,Vicente Lopez,31,202,2178517.0,1500.0,459.0,460
2025-12-27,Villa Urquiza,21,124,958569.0,660.0,227.0,228
2025-12-28,Caballito,20,136,1073330.0,739.0,278.0,279
2025-12-28,Scalabrini,18,102,700966.0,483.0,179.0,180
2025-12-28,Vicente Lopez,27,209,2165180.0,1491.0,458.0,458
2025-12-28,Villa Urquiza,15,105,897201.0,618.0,215.0,216
2025-12-29,Caballito,39,221,1643011.0,1131.0,552.0,555
2025-12-29,Scalabrini,52,286,2329432.0,1604.0,741.0,746
2025-12-29,Vicente Lopez,44,350,2513823.0,1731.0,704.0,704
2025-12-29,Villa Urquiza,37,388,2143834.0,1476.0,692.0,695
2025-12-30,Caballito,29,185,1464250.0,1005.0,415.0,416
2025-12-30,Scalabrini,30,152,1810607.0,1243.0,376.0,382
2025-12-30,Vicente Lopez,35,156,1594901.0,1095.0,421.0,423
2025-12-30,Villa Urquiza,22,153,905773.0,622.0,377.0,379
2025-12-31,Caballito,1,2,12130.0,8.0,7.0,7
2025-12-31,Scalabrini,5,38,384984.0,265.0,110.0,116
2025-12-31,Vicente Lopez,6,28,278086.0,191.0,70.0,70
2025-12-31,Villa Urquiza,3,18,129007.0,89.0,36.0,36
2026-01-01,Caballito,14,50,860905.0,592.0,289.0,289
2026-01-01,Scalabrini,10,72,725826.0,499.0,178.0,178
2026-01-01,Vicente Lopez,6,42,367749.0,253.0,88.0,88
2026-01-01,Villa Urquiza,6,77,577619.0,397.0,196.0,197
2026-01-02,Caballito,25,123,996374.0,685.0,273.0,274
2026-01-02,Scalabrini,19,137,1049149.0,721.0,281.0,281
2026-01-02,Vicente Lopez,27,176,1712295.0,1177.0,543.0,543
2026-01-02,Villa Urquiza,23,138,1101129.0,757.0,306.0,311
2026-01-03,Caballito,22,143,987723.0,670.0,350.0,351
2026-01-03,Scalabrini,12,96,666566.0,452.0,230.0,232
2026-01-03,Vicente Lopez,13,79,901549.0,611.0,165.0,171
2026-01-03,Villa Urquiza,14,75,694576.0,471.0,207.0,207
2026-01-04,Caballito,13,52,498037.0,338.0,160.0,160
2026-01-04,Scalabrini,14,125,888557.0,602.0,266.0,272
2026-01-04,Vicente Lopez,17,117,850032.0,576.0,228.0,228
2026-01-04,Villa Urquiza,10,72,538625.0,365.0,126.0,127
2026-01-05,Caballito,22,126,1148088.0,778.0,293.0,295
2026-01-05,Scalabrini,38,300,2415966.0,1638.0,663.0,664
2026-01-05,Vicente Lopez,24,166,1217497.0,825.0,331.0,331
2026-01-05,Villa Urquiza,13,85,753437.0,511.0,242.0,242
2026-01-06,Caballito,23,97,936162.0,637.0,247.0,247
2026-01-06,Scalabrini,26,144,1670592.0,1136.0,350.0,352
2026-01-06,Vicente Lopez,21,174,1358109.0,924.0,345.0,347
2026-01-06,Villa Urquiza,15,106,941812.0,641.0,213.0,214
2026-01-07,Caballito,26,115,1134171.0,773.0,281.0,281
2026-01-07,Scalabrini,29,159,1556252.0,1060.0,367.0,370
2026-01-07,Vicente Lopez,27,102,1126101.0,767.0,288.0,296
2026-01-07,Villa Urquiza,17,91,984717.0,671.0,238.0,238
2026-01-08,Caballito,18,95,919597.0,630.0,317.0,317
2026-01-08,Scalabrini,16,127,713209.0,488.0,222.0,222
2026-01-08,Vicente Lopez,13,32,377814.0,259.0,96.0,96
2026-01-08,Villa Urquiza,15,106,722251.0,495.0,207.0,209
2026-01-09,Caballito,30,215,1465152.0,1001.0,500.0,502
2026-01-09,Scalabrini,20,132,1224570.0,836.0,242.0,243
2026-01-09,Vicente Lopez,20,108,885971.0,605.0,208.0,208
2026-01-09,Villa Urquiza,16,100,738693.0,505.0,299.0,299
2026-01-10,Caballito,20,144,952359.0,650.0,234.0,234
2026-01-10,Scalabrini,24,156,1261880.0,861.0,344.0,349
2026-01-10,Vicente Lopez,24,170,1622355.0,1107.0,391.0,391
2026-01-10,Villa Urquiza,10,106,616672.0,421.0,193.0,193
2026-01-11,Caballito,18,97,832857.0,568.0,255.0,257
2026-01-11,Scalabrini,18,121,1008735.0,689.0,372.0,375
2026-01-11,Vicente Lopez,9,87,616045.0,421.0,163.0,163
2026-01-11,Villa Urquiza,14,107,646768.0,441.0,177.0,177
2026-01-12,Caballito,31,242,1779623.0,1215.0,597.0,606
2026-01-12,Scalabrini,24,146,1340946.0,915.0,449.0,463
2026-01-12,Vicente Lopez,27,178,1548873.0,1057.0,388.0,388
2026-01-12,Villa Urquiza,20,110,928182.0,634.0,243.0,243
2026-01-13,Caballito,42,287,2643414.0,1801.0,641.0,642
2026-01-13,Scalabrini,37,236,2341980.0,1596.0,509.0,512
2026-01-13,Vicente Lopez,37,169,2045910.0,1394.0,422.0,422
2026-01-13,Villa Urquiza,32,304,2263028.0,1542.0,661.0,664
2026-01-14,Caballito,33,143,1624768.0,1115.0,512.0,531
2026-01-14,Scalabrini,40,187,1887062.0,1295.0,683.0,684
2026-01-14,Vicente Lopez,31,202,1644053.0,1128.0,431.0,435
2026-01-14,Villa Urquiza,18,53,975178.0,669.0,191.0,196
2026-01-15,Caballito,20,167,1154912.0,795.0,368.0,368
2026-01-15,Scalabrini,33,151,1527833.0,1052.0,392.0,402
2026-01-15,Vicente Lopez,39,228,2066848.0,1422.0,451.0,451
2026-01-15,Villa Urquiza,25,185,1373435.0,945.0,432.0,443
2026-01-16,Caballito,40,166,1615396.0,1121.0,397.0,403
2026-01-16,Scalabrini,32,134,1361322.0,945.0,309.0,313
2026-01-16,Vicente Lopez,27,148,1564750.0,1086.0,307.0,310
2026-01-16,Villa Urquiza,16,93,828201.0,575.0,271.0,272
2026-01-17,Caballito,20,133,921172.0,644.0,258.0,263
2026-01-17,Scalabrini,30,111,2190215.0,1532.0,327.0,327
2026-01-17,Vicente Lopez,16,131,944896.0,661.0,270.0,270
2026-01-17,Villa Urquiza,19,157,975602.0,682.0,276.0,278
2026-01-18,Caballito,13,81,656376.0,459.0,195.0,196
2026-01-18,Scalabrini,21,199,1740303.0,1217.0,402.0,404
2026-01-18,Vicente Lopez,26,152,1480682.0,1035.0,414.0,414
2026-01-18,Villa Urquiza,14,91,621029.0,434.0,203.0,208
2026-01-19,Caballito,43,233,2618585.0,1831.0,644.0,649
2026-01-19,Scalabrini,38,189,2116060.0,1480.0,577.0,587
2026-01-19,Vicente Lopez,29,104,1447790.0,1012.0,286.0,287
2026-01-19,Villa Urquiza,23,147,1260324.0,881.0,386.0,388
2026-01-20,Caballito,19,98,858118.0,598.0,200.0,205
2026-01-20,Scalabrini,26,116,1411817.0,984.0,279.0,279
2026-01-20,Vicente Lopez,23,64,1045541.0,729.0,141.0,141
2026-01-20,Villa Urquiza,26,177,1666237.0,1162.0,296.0,298
2026-01-21,Caballito,27,190,1733545.0,1208.0,392.0,394
2026-01-21,Scalabrini,30,117,1694911.0,1182.0,351.0,362
2026-01-21,Vicente Lopez,33,158,1828087.0,1274.0,427.0,427
2026-01-21,Villa Urquiza,21,124,1143943.0,797.0,256.0,256
2026-01-22,Caballito,32,216,1360612.0,951.0,400.0,403
2026-01-22,Scalabrini,32,266,1902178.0,1330.0,489.0,492
2026-01-22,Vicente Lopez,26,149,1588412.0,1110.0,405.0,406
2026-01-22,Villa Urquiza,19,143,1063696.0,744.0,321.0,326
2026-01-23,Caballito,42,323,3093785.0,2164.0,833.0,840
2026-01-23,Scalabrini,39,261,2169547.0,1518.0,565.0,566
2026-01-23,Vicente Lopez,40,331,2845969.0,1991.0,691.0,694
2026-01-23,Villa Urquiza,25,205,1807249.0,1264.0,472.0,473
2026-01-24,Caballito,23,93,1130082.0,789.0,263.0,265
2026-01-24,Scalabrini,36,247,1883323.0,1314.0,466.0,468
2026-01-24,Vicente Lopez,18,139,1404694.0,980.0,410.0,410
2026-01-24,Villa Urquiza,17,133,988348.0,690.0,239.0,240
2026-01-25,Caballito,19,185,1282301.0,895.0,328.0,328
2026-01-25,Scalabrini,30,187,1722625.0,1202.0,575.0,579
2026-01-25,Vicente Lopez,17,147,1133944.0,791.0,323.0,324
2026-01-25,Villa Urquiza,17,69,678604.0,474.0,192.0,192
2026-01-26,Caballito,40,226,1762155.0,1230.0,600.0,610
2026-01-26,Scalabrini,42,341,2382081.0,1662.0,694.0,702
2026-01-26,Vicente Lopez,41,232,2472402.0,1725.0,554.0,554
2026-01-26,Villa Urquiza,26,213,1605700.0,1121.0,508.0,509
2026-01-27,Caballito,44,275,2528568.0,1759.0,750.0,765
2026-01-27,Scalabrini,37,228,2073020.0,1442.0,539.0,541
2026-01-27,Vicente Lopez,30,143,1789916.0,1245.0,396.0,402
2026-01-27,Villa Urquiza,23,203,1536137.0,1069.0,491.0,496
2026-01-28,Caballito,29,183,1625744.0,1131.0,446.0,450
2026-01-28,Scalabrini,42,256,2296603.0,1598.0,599.0,600
2026-01-28,Vicente Lopez,24,158,1214800.0,845.0,328.0,328
2026-01-28,Villa Urquiza,23,143,1337502.0,930.0,364.0,365
2026-01-29,Caballito,42,278,2531250.0,1752.0,620.0,622
2026-01-29,Scalabrini,40,239,1969840.0,1364.0,518.0,522
2026-01-29,Vicente Lopez,43,278,2433366.0,1685.0,675.0,680
2026-01-29,Villa Urquiza,31,214,1784832.0,1236.0,598.0,603
2026-01-30,Caballito,39,258,1961789.0,1358.0,539.0,539
2026-01-30,Scalabrini,43,225,2023906.0,1401.0,625.0,631
2026-01-30,Vicente Lopez,40,298,2664959.0,1845.0,633.0,643
2026-01-30,Villa Urquiza,24,173,1545720.0,1070.0,432.0,439
2026-01-31,Caballito,26,207,1281806.0,886.0,384.0,390
2026-01-31,Scalabrini,24,183,1530947.0,1058.0,414.0,415
2026-01-31,Vicente Lopez,35,196,1833618.0,1267.0,494.0,495
2026-01-31,Villa Urquiza,15,138,1062016.0,734.0,303.0,303
2026-02-01,Caballito,34,215,1623528.0,1122.0,466.0,473
2026-02-01,Scalabrini,37,288,2208879.0,1527.0,556.0,561
2026-02-01,Vicente Lopez,36,230,2461752.0,1701.0,527.0,527
2026-02-01,Villa Urquiza,16,87,1037172.0,717.0,210.0,213
2026-02-02,Caballito,39,192,2518365.0,1740.0,875.0,884
2026-02-02,Scalabrini,60,403,3749818.0,2591.0,964.0,966
2026-02-02,Vicente Lopez,34,233,2152964.0,1488.0,548.0,550
2026-02-02,Villa Urquiza,33,224,2159696.0,1493.0,589.0,591
2026-02-03,Caballito,47,257,2203443.0,1519.0,534.0,546
2026-02-03,Scalabrini,56,273,3398262.0,2342.0,707.0,707
2026-02-03,Vicente Lopez,40,227,2591144.0,1786.0,645.0,646
2026-02-03,Villa Urquiza,25,196,1672712.0,1153.0,465.0,469
2026-02-04,Caballito,39,280,1859288.0,1286.0,506.0,509
2026-02-04,Scalabrini,47,221,2926149.0,2024.0,567.0,573
2026-02-04,Vicente Lopez,37,233,2201780.0,1523.0,619.0,619
2026-02-04,Villa Urquiza,19,82,967864.0,669.0,237.0,238
2026-02-05,Caballito,47,223,2082697.0,1439.0,516.0,525
2026-02-05,Scalabrini,62,365,4012207.0,2772.0,927.0,930
2026-02-05,Vicente Lopez,40,265,2913510.0,2013.0,710.0,720
2026-02-05,Villa Urquiza,36,173,1900872.0,1313.0,546.0,547
2026-02-06,Caballito,43,216,1638414.0,1136.0,516.0,520
2026-02-06,Scalabrini,36,236,2432081.0,1687.0,532.0,533
2026-02-06,Vicente Lopez,31,187,1918084.0,1330.0,415.0,421
2026-02-06,Villa Urquiza,22,182,1518787.0,1053.0,329.0,334
2026-02-07,Caballito,34,186,1589184.0,1110.0,406.0,414
2026-02-07,Scalabrini,25,115,1462591.0,1021.0,306.0,309
2026-02-07,Vicente Lopez,27,184,1567483.0,1095.0,393.0,393
2026-02-07,Villa Urquiza,20,163,1266548.0,884.0,400.0,408
2026-02-08,Caballito,26,120,887490.0,620.0,243.0,247
2026-02-08,Scalabrini,35,230,1716537.0,1199.0,442.0,445
2026-02-08,Vicente Lopez,21,135,1329040.0,928.0,316.0,320
2026-02-08,Villa Urquiza,22,125,1024054.0,715.0,279.0,283
2026-02-09,Caballito,37,208,2002576.0,1398.0,504.0,518
2026-02-09,Scalabrini,43,287,2670258.0,1865.0,790.0,796
2026-02-09,Vicente Lopez,44,229,2791340.0,1949.0,636.0,636
2026-02-09,Villa Urquiza,36,233,1642135.0,1147.0,484.0,488
2026-02-10,Caballito,47,285,2308133.0,1630.0,682.0,683
2026-02-10,Scalabrini,40,173,2184232.0,1543.0,495.0,496
2026-02-10,Vicente Lopez,42,271,3384928.0,2390.0,816.0,820
2026-02-10,Villa Urquiza,28,197,1708291.0,1206.0,429.0,430
2026-02-11,Caballito,37,316,2408420.0,1713.0,645.0,647
2026-02-11,Scalabrini,34,245,2043778.0,1454.0,568.0,568
2026-02-11,Vicente Lopez,36,289,2685718.0,1910.0,733.0,736
2026-02-11,Villa Urquiza,33,189,1782922.0,1268.0,412.0,412
2026-02-12,Caballito,43,248,2325903.0,1661.0,746.0,752
2026-02-12,Scalabrini,50,249,2654033.0,1896.0,667.0,675
2026-02-12,Vicente Lopez,54,278,2407306.0,1720.0,582.0,585
2026-02-12,Villa Urquiza,24,127,1539714.0,1100.0,479.0,480
2026-02-13,Caballito,38,218,1989991.0,1427.0,569.0,579
2026-02-13,Scalabrini,39,191,2109081.0,1512.0,486.0,488
2026-02-13,Vicente Lopez,46,293,2359128.0,1691.0,689.0,695
2026-02-13,Villa Urquiza,30,225,1976646.0,1417.0,522.0,528
2026-02-14,Caballito,42,230,2104503.0,1504.0,607.0,624
2026-02-14,Scalabrini,33,158,1578254.0,1128.0,405.0,412
2026-02-14,Vicente Lopez,40,179,2295728.0,1640.0,434.0,435
2026-02-14,Villa Urquiza,19,107,856117.0,612.0,261.0,262
2026-02-15,Caballito,26,154,1448330.0,1035.0,442.0,445
2026-02-15,Scalabrini,19,109,1252391.0,895.0,279.0,287
2026-02-15,Vicente Lopez,27,166,1342245.0,959.0,414.0,414
2026-02-15,Villa Urquiza,12,51,455694.0,326.0,103.0,103
2026-02-16,Caballito,21,200,1424507.0,1018.0,477.0,483
2026-02-16,Scalabrini,30,163,1458695.0,1042.0,385.0,415
2026-02-16,Vicente Lopez,24,117,1241275.0,887.0,322.0,324
2026-02-16,Villa Urquiza,21,179,1224318.0,875.0,338.0,340
2026-02-17,Caballito,40,272,2004510.0,1432.0,564.0,569
2026-02-17,Scalabrini,30,215,1847325.0,1320.0,492.0,495
2026-02-17,Vicente Lopez,47,271,2791190.0,1994.0,672.0,681
2026-02-17,Villa Urquiza,24,123,1016151.0,726.0,284.0,284
2026-02-18,Caballito,51,330,2364211.0,1689.0,703.0,725
2026-02-18,Scalabrini,32,182,2124908.0,1518.0,471.0,472
2026-02-18,Vicente Lopez,48,202,2667208.0,1906.0,441.0,443
2026-02-18,Villa Urquiza,27,152,1637319.0,1170.0,396.0,397
2026-02-19,Caballito,35,197,1597581.0,1144.0,459.0,488
2026-02-19,Scalabrini,52,179,2398268.0,1718.0,617.0,622
2026-02-19,Vicente Lopez,64,402,3680542.0,2636.0,912.0,914
2026-02-19,Villa Urquiza,26,252,1566810.0,1122.0,510.0,511
2026-02-20,Caballito,54,392,3133011.0,2256.0,777.0,785
2026-02-20,Scalabrini,41,315,2819937.0,2030.0,726.0,731
2026-02-20,Vicente Lopez,55,335,3154614.0,2271.0,662.0,662
2026-02-20,Villa Urquiza,37,241,2115766.0,1523.0,518.0,518
2026-02-21,Caballito,37,298,2083435.0,1514.0,594.0,606
2026-02-21,Scalabrini,39,217,2019557.0,1468.0,536.0,539
2026-02-21,Vicente Lopez,41,222,2211928.0,1607.0,462.0,477
2026-02-21,Villa Urquiza,25,250,1397321.0,1015.0,465.0,467
2026-02-22,Caballito,37,254,1769714.0,1286.0,625.0,633
2026-02-22,Scalabrini,33,301,1923332.0,1398.0,566.0,566
2026-02-22,Vicente Lopez,33,200,1893288.0,1376.0,519.0,519
2026-02-22,Villa Urquiza,22,152,1294787.0,941.0,328.0,329
2026-02-23,Caballito,38,200,1316346.0,957.0,455.0,460
2026-02-23,Scalabrini,41,305,2422632.0,1761.0,814.0,819
2026-02-23,Vicente Lopez,55,271,3380558.0,2457.0,613.0,613
2026-02-23,Villa Urquiza,40,284,2254007.0,1638.0,591.0,593
2026-02-24,Caballito,60,315,3284664.0,2397.0,942.0,957
2026-02-24,Scalabrini,66,374,3660075.0,2671.0,1132.0,1137
2026-02-24,Vicente Lopez,56,343,3069448.0,2240.0,781.0,787
2026-02-24,Villa Urquiza,48,262,3273073.0,2388.0,699.0,701
2026-02-25,Caballito,48,335,2730467.0,1978.0,803.0,806
2026-02-25,Scalabrini,55,363,3279844.0,2376.0,916.0,923
2026-02-25,Vicente Lopez,50,286,2899715.0,2100.0,698.0,699
2026-02-25,Villa Urquiza,39,268,2673151.0,1936.0,853.0,862
2026-02-26,Caballito,48,290,2351448.0,1681.0,714.0,730
2026-02-26,Scalabrini,67,371,3789742.0,2709.0,1013.0,1020
2026-02-26,Vicente Lopez,56,332,3328656.0,2379.0,777.0,781
2026-02-26,Villa Urquiza,34,227,1723390.0,1232.0,502.0,504
2026-02-27,Caballito,48,358,2496043.0,1773.0,757.0,779
2026-02-27,Scalabrini,48,347,2751471.0,1954.0,877.0,900
2026-02-27,Vicente Lopez,35,201,2360388.0,1676.0,542.0,547
2026-02-27,Villa Urquiza,36,280,2095909.0,1489.0,603.0,607
2026-02-28,Caballito,47,286,2184881.0,1564.0,681.0,682
2026-02-28,Scalabrini,46,188,2180490.0,1561.0,429.0,431
2026-02-28,Vicente Lopez,38,258,2479462.0,1775.0,508.0,513
2026-02-28,Villa Urquiza,42,246,2028422.0,1452.0,585.0,591
2026-03-01,Caballito,38,267,1920906.0,1375.0,550.0,554
2026-03-01,Scalabrini,47,315,2407394.0,1723.0,626.0,628
2026-03-01,Vicente Lopez,33,324,2631475.0,1884.0,743.0,744
2026-03-01,Villa Urquiza,26,144,1591018.0,1139.0,425.0,426
2026-03-02,Caballito,44,294,2201502.0,1576.0,642.0,646
2026-03-02,Scalabrini,52,422,3056780.0,2188.0,902.0,906
2026-03-02,Vicente Lopez,61,293,3397453.0,2432.0,889.0,895
2026-03-02,Villa Urquiza,26,118,1111140.0,795.0,289.0,296
2026-03-03,Caballito,50,277,2558489.0,1834.0,789.0,791
2026-03-03,Scalabrini,67,347,3506733.0,2514.0,941.0,950
2026-03-03,Vicente Lopez,40,233,2676996.0,1919.0,648.0,650
2026-03-03,Villa Urquiza,38,177,1981299.0,1420.0,456.0,460
2026-03-04,Caballito,47,291,2458995.0,1738.0,740.0,750
2026-03-04,Scalabrini,67,424,4160320.0,2940.0,1120.0,1132
2026-03-04,Vicente Lopez,71,348,3884907.0,2746.0,885.0,889
2026-03-04,Villa Urquiza,34,197,2004152.0,1416.0,524.0,529
2026-03-05,Caballito,47,288,2613398.0,1866.0,923.0,932
2026-03-05,Scalabrini,61,416,3716968.0,2654.0,912.0,921
2026-03-05,Vicente Lopez,46,286,2440043.0,1742.0,658.0,659
2026-03-05,Villa Urquiza,29,275,1742798.0,1244.0,554.0,556
2026-03-06,Caballito,37,289,2267261.0,1611.0,717.0,717
2026-03-06,Scalabrini,34,145,1535878.0,1092.0,406.0,409
2026-03-06,Vicente Lopez,30,124,1544930.0,1098.0,359.0,361
2026-03-06,Villa Urquiza,30,245,1697557.0,1207.0,523.0,526
2026-03-07,Caballito,34,264,1870148.0,1321.0,608.0,612
2026-03-07,Scalabrini,32,149,1975800.0,1395.0,470.0,474
2026-03-07,Vicente Lopez,38,271,2289446.0,1617.0,611.0,620
2026-03-07,Villa Urquiza,23,144,1119618.0,791.0,366.0,371
2026-03-08,Caballito,29,121,1051211.0,742.0,274.0,293
2026-03-08,Scalabrini,50,313,2587027.0,1827.0,750.0,759
2026-03-08,Vicente Lopez,26,174,1684372.0,1190.0,407.0,407
2026-03-08,Villa Urquiza,20,151,1442653.0,1019.0,324.0,324
2026-03-09,Caballito,47,186,2205681.0,1558.0,679.0,695
2026-03-09,Scalabrini,46,319,3237557.0,2286.0,763.0,772
2026-03-09,Vicente Lopez,46,308,3011264.0,2127.0,703.0,706
2026-03-09,Villa Urquiza,27,221,1581512.0,1117.0,459.0,461
2026-03-10,Caballito,43,235,2535024.0,1790.0,572.0,577
2026-03-10,Scalabrini,70,552,4577445.0,3233.0,1269.0,1270
2026-03-10,Vicente Lopez,46,307,3081744.0,2176.0,674.0,675
2026-03-10,Villa Urquiza,30,158,1487837.0,1051.0,370.0,372
2026-03-11,Caballito,38,121,1686831.0,1205.0,338.0,340
2026-03-11,Scalabrini,50,325,3267464.0,2334.0,882.0,891
2026-03-11,Vicente Lopez,47,284,2903279.0,2074.0,610.0,612
2026-03-11,Villa Urquiza,31,169,1552039.0,1109.0,356.0,358
2026-03-12,Caballito,31,277,1857353.0,1330.0,507.0,514
2026-03-12,Scalabrini,45,236,2179005.0,1561.0,605.0,609
2026-03-12,Vicente Lopez,41,180,2278953.0,1632.0,409.0,415
2026-03-12,Villa Urquiza,24,144,1365019.0,978.0,398.0,399
2026-03-13,Caballito,39,237,1858326.0,1333.0,568.0,573
2026-03-13,Scalabrini,45,242,2691960.0,1930.0,671.0,709
2026-03-13,Vicente Lopez,30,257,2650204.0,1900.0,481.0,483
2026-03-13,Villa Urquiza,29,142,1608090.0,1153.0,324.0,324
2026-03-14,Caballito,23,129,832071.0,594.0,240.0,241
2026-03-14,Scalabrini,43,367,2986824.0,2133.0,805.0,808
2026-03-14,Vicente Lopez,35,293,2662603.0,1902.0,622.0,622
2026-03-14,Villa Urquiza,32,276,1894892.0,1354.0,539.0,542
2026-03-15,Caballito,31,200,1447031.0,1034.0,381.0,382
2026-03-15,Scalabrini,30,212,1743715.0,1246.0,489.0,491
2026-03-15,Vicente Lopez,32,154,1960953.0,1401.0,372.0,375
2026-03-15,Villa Urquiza,19,130,1227133.0,877.0,294.0,294
2026-03-16,Caballito,37,234,1748121.0,1249.0,519.0,528
2026-03-16,Scalabrini,58,392,3144574.0,2246.0,736.0,740
2026-03-16,Vicente Lopez,65,361,3898193.0,2784.0,858.0,861
2026-03-16,Villa Urquiza,32,187,1742660.0,1245.0,425.0,428
2026-03-17,Caballito,57,270,2528266.0,1811.0,716.0,720
2026-03-17,Scalabrini,58,339,3652225.0,2616.0,872.0,880
2026-03-17,Vicente Lopez,59,268,3189495.0,2285.0,698.0,699
2026-03-17,Villa Urquiza,42,362,2864336.0,2052.0,801.0,814
2026-03-18,Caballito,43,219,2326857.0,1667.0,721.0,734
2026-03-18,Scalabrini,46,260,2686243.0,1924.0,635.0,649
2026-03-18,Vicente Lopez,44,246,2615472.0,1874.0,517.0,517
2026-03-18,Villa Urquiza,40,200,2137253.0,1531.0,484.0,489
2026-03-19,Caballito,59,447,3427446.0,2459.0,982.0,1004
2026-03-19,Scalabrini,59,364,3019908.0,2166.0,930.0,952
2026-03-19,Vicente Lopez,48,269,2906361.0,2085.0,667.0,676
2026-03-19,Villa Urquiza,34,293,2360438.0,1693.0,643.0,647
2026-03-20,Caballito,52,239,2694348.0,1932.0,718.0,718
2026-03-20,Scalabrini,41,248,2063380.0,1480.0,542.0,557
2026-03-20,Vicente Lopez,57,423,3972914.0,2849.0,929.0,930
2026-03-20,Villa Urquiza,37,356,2445212.0,1753.0,661.0,666
2026-03-21,Caballito,34,267,1620657.0,1166.0,473.0,479
2026-03-21,Scalabrini,40,341,2392859.0,1721.0,649.0,658
2026-03-21,Vicente Lopez,41,238,2299692.0,1654.0,428.0,428
2026-03-21,Villa Urquiza,38,327,2325642.0,1673.0,589.0,596
2026-03-22,Caballito,40,259,2048053.0,1473.0,495.0,502
2026-03-22,Scalabrini,25,122,1173895.0,844.0,251.0,258
2026-03-22,Vicente Lopez,32,128,1760147.0,1266.0,278.0,278
2026-03-22,Villa Urquiza,24,168,1285279.0,924.0,312.0,313
2026-03-23,Caballito,52,289,2408855.0,1732.0,618.0,635
2026-03-23,Scalabrini,40,203,2289635.0,1647.0,522.0,525
2026-03-23,Vicente Lopez,47,250,2505112.0,1802.0,582.0,588
2026-03-23,Villa Urquiza,34,260,1880192.0,1352.0,536.0,546
2026-03-24,Caballito,33,201,1651057.0,1187.0,426.0,438
2026-03-24,Scalabrini,35,292,2481377.0,1785.0,609.0,610
2026-03-24,Vicente Lopez,34,192,2305762.0,1658.0,475.0,488
2026-03-24,Villa Urquiza,17,178,1212017.0,872.0,357.0,359
2026-03-25,Caballito,46,267,2532863.0,1822.0,785.0,787
2026-03-25,Scalabrini,58,256,2789036.0,2006.0,799.0,810
2026-03-25,Vicente Lopez,61,406,4087028.0,2939.0,1008.0,1025
2026-03-25,Villa Urquiza,29,148,1524521.0,1096.0,399.0,399
2026-03-26,Caballito,49,213,2220886.0,1612.0,673.0,680
2026-03-26,Scalabrini,74,453,4147959.0,3011.0,1202.0,1218
2026-03-26,Vicente Lopez,65,413,4336389.0,3148.0,920.0,935
2026-03-26,Villa Urquiza,44,352,2740077.0,1989.0,707.0,713
2026-03-27,Caballito,55,298,2324418.0,1699.0,648.0,678
2026-03-27,Scalabrini,57,314,3483224.0,2546.0,798.0,815
2026-03-27,Vicente Lopez,53,315,3499175.0,2558.0,688.0,689
2026-03-27,Villa Urquiza,41,217,2217462.0,1621.0,515.0,518
2026-03-28,Caballito,41,287,2530557.0,1830.0,636.0,640
2026-03-28,Scalabrini,43,319,2479015.0,1793.0,650.0,658
2026-03-28,Vicente Lopez,48,259,3021806.0,2186.0,622.0,622
2026-03-28,Villa Urquiza,31,218,1482688.0,1072.0,452.0,456
2026-03-29,Caballito,49,318,2866992.0,2074.0,768.0,777
2026-03-29,Scalabrini,62,401,3087704.0,2233.0,828.0,839
2026-03-29,Vicente Lopez,51,317,3834707.0,2774.0,855.0,860
2026-03-29,Villa Urquiza,30,197,1731602.0,1253.0,482.0,488
2026-03-30,Caballito,69,335,3361099.0,2431.0,789.0,797
2026-03-30,Scalabrini,76,322,3655317.0,2644.0,917.0,938
2026-03-30,Vicente Lopez,66,404,4294947.0,3107.0,990.0,991
2026-03-30,Villa Urquiza,43,293,2598271.0,1879.0,715.0,721
2026-03-31,Caballito,54,229,2293191.0,1640.0,587.0,591
2026-03-31,Scalabrini,68,475,4544813.0,3251.0,1165.0,1180
2026-03-31,Vicente Lopez,57,322,3921917.0,2805.0,746.0,746
2026-03-31,Villa Urquiza,42,326,2506243.0,1793.0,752.0,760
2026-04-01,Caballito,47,264,2523984.0,1826.0,692.0,695
2026-04-01,Scalabrini,45,258,1931786.0,1398.0,555.0,556
2026-04-01,Vicente Lopez,65,399,4657517.0,3370.0,884.0,890
2026-04-01,Villa Urquiza,27,175,1336343.0,967.0,316.0,319
2026-04-02,Caballito,33,230,1779502.0,1277.0,493.0,509
2026-04-02,Scalabrini,33,119,1451738.0,1041.0,324.0,358
2026-04-02,Vicente Lopez,39,185,1865160.0,1338.0,389.0,397
2026-04-02,Villa Urquiza,38,391,2617177.0,1877.0,719.0,721
2026-04-03,Caballito,44,275,2132175.0,1530.0,559.0,566
2026-04-03,Scalabrini,40,340,1984735.0,1424.0,629.0,632
2026-04-03,Vicente Lopez,33,138,1567884.0,1125.0,292.0,305
2026-04-03,Villa Urquiza,31,195,1321016.0,948.0,367.0,369
2026-04-04,Caballito,37,230,1877249.0,1347.0,573.0,582
2026-04-04,Scalabrini,26,163,1076288.0,772.0,314.0,320
2026-04-04,Vicente Lopez,26,125,1596436.0,1145.0,274.0,279
2026-04-04,Villa Urquiza,24,135,1099557.0,789.0,324.0,328
2026-04-05,Caballito,26,160,1267187.0,909.0,284.0,285
2026-04-05,Scalabrini,25,112,1361556.0,977.0,284.0,286
2026-04-05,Vicente Lopez,20,84,908607.0,652.0,171.0,175
2026-04-05,Villa Urquiza,16,83,728613.0,523.0,170.0,171
2026-04-06,Caballito,42,239,2302066.0,1651.0,603.0,605
2026-04-06,Scalabrini,46,296,2997165.0,2150.0,749.0,754
2026-04-06,Vicente Lopez,47,319,2771667.0,1988.0,650.0,652
2026-04-06,Villa Urquiza,35,219,1927398.0,1383.0,502.0,516
2026-04-07,Caballito,24,140,892544.0,641.0,345.0,354
2026-04-07,Scalabrini,43,278,2363261.0,1697.0,672.0,677
2026-04-07,Vicente Lopez,57,344,3267340.0,2346.0,661.0,668
2026-04-07,Villa Urquiza,16,184,1508266.0,1083.0,478.0,492
2026-04-08,Caballito,33,223,2077711.0,1492.0,475.0,482
2026-04-08,Scalabrini,43,320,2565618.0,1842.0,782.0,786
2026-04-08,Vicente Lopez,57,316,3192533.0,2293.0,667.0,667
2026-04-08,Villa Urquiza,22,123,1035497.0,744.0,288.0,288
2026-04-09,Caballito,32,195,1666941.0,1201.0,508.0,522
2026-04-09,Scalabrini,41,188,2059045.0,1484.0,497.0,498
2026-04-09,Vicente Lopez,43,248,2379104.0,1715.0,621.0,624
2026-04-09,Villa Urquiza,31,165,1726164.0,1244.0,375.0,377
2026-04-10,Caballito,44,347,2745549.0,1988.0,653.0,656
2026-04-10,Scalabrini,35,222,1517981.0,1099.0,436.0,444
2026-04-10,Vicente Lopez,37,192,2249803.0,1629.0,412.0,413
2026-04-10,Villa Urquiza,34,207,1707438.0,1236.0,503.0,505
2026-04-11,Caballito,26,190,1437015.0,1049.0,288.0,288
2026-04-11,Scalabrini,29,246,2095730.0,1530.0,544.0,549
2026-04-11,Vicente Lopez,34,174,1752844.0,1279.0,358.0,360
2026-04-11,Villa Urquiza,20,159,1148085.0,838.0,276.0,278
2026-04-12,Caballito,26,153,1322151.0,965.0,456.0,462
2026-04-12,Scalabrini,21,116,940105.0,686.0,215.0,218
2026-04-12,Vicente Lopez,28,164,1428381.0,1043.0,332.0,332
2026-04-12,Villa Urquiza,24,224,1618773.0,1182.0,463.0,464
2026-04-13,Caballito,35,188,1613726.0,1178.0,452.0,452
2026-04-13,Scalabrini,44,190,2378034.0,1736.0,510.0,516
2026-04-13,Vicente Lopez,47,188,2325406.0,1697.0,500.0,500
2026-04-13,Villa Urquiza,26,224,1653064.0,1207.0,461.0,463
2026-04-14,Caballito,34,254,1541968.0,1139.0,506.0,506
2026-04-14,Scalabrini,44,209,2354871.0,1739.0,545.0,553
2026-04-14,Vicente Lopez,28,143,1549829.0,1145.0,371.0,371
2026-04-14,Villa Urquiza,12,99,667822.0,493.0,228.0,228
2026-04-15,Caballito,36,234,1858386.0,1362.0,526.0,528
2026-04-15,Scalabrini,45,330,2769017.0,2030.0,723.0,726
2026-04-15,Vicente Lopez,41,260,2881695.0,2113.0,636.0,636
2026-04-15,Villa Urquiza,27,220,2242593.0,1644.0,528.0,532
2026-04-16,Caballito,39,214,1773615.0,1305.0,478.0,478
2026-04-16,Scalabrini,55,249,2802321.0,2062.0,831.0,836
2026-04-16,Vicente Lopez,42,218,2149924.0,1582.0,504.0,504
2026-04-16,Villa Urquiza,35,271,2052587.0,1510.0,644.0,653
2026-04-17,Caballito,42,250,2506643.0,1846.0,639.0,643
2026-04-17,Scalabrini,50,236,2212389.0,1629.0,616.0,619
2026-04-17,Vicente Lopez,38,210,2249443.0,1656.0,466.0,469
2026-04-17,Villa Urquiza,27,201,1495629.0,1101.0,418.0,423
2026-04-18,Caballito,39,352,2477702.0,1816.0,758.0,763
2026-04-18,Scalabrini,27,107,1021292.0,748.0,270.0,272
2026-04-18,Vicente Lopez,24,174,1542087.0,1130.0,370.0,370
2026-04-18,Villa Urquiza,25,182,1329699.0,974.0,374.0,376
2026-04-19,Caballito,22,126,1255418.0,920.0,289.0,289
2026-04-19,Scalabrini,31,157,1701263.0,1247.0,477.0,479
2026-04-19,Vicente Lopez,39,281,2825025.0,2070.0,643.0,644
2026-04-19,Villa Urquiza,22,113,1093662.0,802.0,233.0,234
2026-04-20,Caballito,33,157,1461253.0,1071.0,499.0,499
2026-04-20,Scalabrini,47,228,2028033.0,1486.0,532.0,532
2026-04-20,Vicente Lopez,53,292,3419400.0,2506.0,709.0,709
2026-04-20,Villa Urquiza,25,231,1750561.0,1283.0,495.0,495
2026-04-21,Caballito,37,224,1685232.0,1224.0,517.0,517
2026-04-21,Scalabrini,44,332,2941990.0,2137.0,788.0,805
2026-04-21,Vicente Lopez,42,270,2789972.0,2026.0,676.0,678
2026-04-21,Villa Urquiza,26,237,1662585.0,1207.0,470.0,473
2026-04-22,Caballito,35,178,1558136.0,1133.0,453.0,453
2026-04-22,Scalabrini,43,326,2807924.0,2041.0,811.0,812
2026-04-22,Vicente Lopez,39,188,2030724.0,1476.0,415.0,420
2026-04-22,Villa Urquiza,28,157,1377491.0,1001.0,387.0,387
2026-04-23,Caballito,29,188,1539611.0,1117.0,350.0,352
2026-04-23,Scalabrini,34,196,1965007.0,1426.0,531.0,535
2026-04-23,Vicente Lopez,32,157,1868214.0,1356.0,433.0,437
2026-04-23,Villa Urquiza,26,179,1416529.0,1028.0,356.0,358
2026-04-24,Caballito,43,362,2613393.0,1877.0,805.0,820
2026-04-24,Scalabrini,59,528,3761923.0,2703.0,952.0,953
2026-04-24,Vicente Lopez,35,243,2471296.0,1775.0,530.0,533
2026-04-24,Villa Urquiza,27,186,1617417.0,1162.0,336.0,339
2026-04-25,Caballito,40,406,2594136.0,1854.0,814.0,819
2026-04-25,Scalabrini,37,270,2154633.0,1540.0,567.0,569
2026-04-25,Vicente Lopez,34,265,2112257.0,1509.0,529.0,529
2026-04-25,Villa Urquiza,21,192,1298930.0,928.0,363.0,364
2026-04-26,Caballito,32,261,1670176.0,1193.0,444.0,445
2026-04-26,Scalabrini,33,218,2282366.0,1631.0,571.0,574
2026-04-26,Vicente Lopez,41,203,2132759.0,1524.0,518.0,518
2026-04-26,Villa Urquiza,26,217,1349875.0,965.0,383.0,412
2026-04-27,Caballito,47,346,2509275.0,1793.0,776.0,780
2026-04-27,Scalabrini,65,355,3598341.0,2571.0,802.0,808
2026-04-27,Vicente Lopez,49,381,3617970.0,2585.0,771.0,774
2026-04-27,Villa Urquiza,34,223,2003447.0,1432.0,464.0,470
2026-04-28,Caballito,37,230,2045226.0,1443.0,534.0,540
2026-04-28,Scalabrini,54,332,3465411.0,2446.0,875.0,876
2026-04-28,Vicente Lopez,44,254,2448017.0,1728.0,604.0,605
2026-04-28,Villa Urquiza,37,197,2142222.0,1512.0,529.0,532
2026-04-29,Caballito,53,366,3129040.0,2228.0,822.0,826
2026-04-29,Scalabrini,64,439,4725370.0,3364.0,1130.0,1136
2026-04-29,Vicente Lopez,56,300,3315605.0,2361.0,757.0,761
2026-04-29,Villa Urquiza,39,300,2847907.0,2028.0,684.0,687
2026-04-30,Caballito,41,281,2346464.0,1686.0,621.0,624
2026-04-30,Scalabrini,49,320,3188114.0,2291.0,717.0,722
2026-04-30,Vicente Lopez,38,267,2316580.0,1665.0,560.0,561
2026-04-30,Villa Urquiza,30,214,2131639.0,1532.0,422.0,422
2026-05-01,Caballito,22,115,1223347.0,879.0,238.0,238
2026-05-01,Scalabrini,34,241,2041512.0,1468.0,521.0,522
2026-05-01,Vicente Lopez,24,135,1690152.0,1215.0,322.0,322
2026-05-01,Villa Urquiza,16,78,783677.0,563.0,163.0,168
2026-05-02,Caballito,40,283,2526297.0,1816.0,602.0,609
2026-05-02,Scalabrini,44,282,2390789.0,1719.0,671.0,674
2026-05-02,Vicente Lopez,39,260,2698211.0,1940.0,551.0,553
2026-05-02,Villa Urquiza,39,335,2048584.0,1473.0,633.0,644
2026-05-03,Caballito,39,370,2521175.0,1812.0,801.0,811
2026-05-03,Scalabrini,41,248,3035185.0,2182.0,669.0,676
2026-05-03,Vicente Lopez,33,322,3002254.0,2158.0,683.0,683
2026-05-03,Villa Urquiza,26,197,1408077.0,1012.0,341.0,343
2026-05-04,Caballito,34,163,1832261.0,1317.0,564.0,567
2026-05-04,Scalabrini,73,577,5413868.0,3892.0,1350.0,1365
2026-05-04,Vicente Lopez,64,487,4508858.0,3241.0,1166.0,1177
2026-05-04,Villa Urquiza,29,151,1383284.0,994.0,362.0,366
2026-05-05,Caballito,65,411,3732393.0,2661.0,991.0,995
2026-05-05,Scalabrini,87,508,5763159.0,4109.0,1419.0,1431
2026-05-05,Vicente Lopez,76,427,5023377.0,3582.0,1256.0,1261
2026-05-05,Villa Urquiza,43,290,2596742.0,1852.0,635.0,640
2026-05-06,Caballito,74,363,4055440.0,2911.0,990.0,1012
2026-05-06,Scalabrini,88,592,6172764.0,4431.0,1481.0,1488
2026-05-06,Vicente Lopez,70,493,4487532.0,3222.0,1039.0,1042
2026-05-06,Villa Urquiza,46,276,2840976.0,2039.0,635.0,640
2026-05-07,Caballito,59,326,3152639.0,2271.0,739.0,769
2026-05-07,Scalabrini,87,420,4742821.0,3417.0,1139.0,1151
2026-05-07,Vicente Lopez,66,355,4081135.0,2940.0,911.0,913
2026-05-07,Villa Urquiza,37,220,1977395.0,1425.0,506.0,511
2026-05-08,Caballito,44,290,2689445.0,1927.0,684.0,688
2026-05-08,Scalabrini,64,372,3552557.0,2545.0,880.0,886
2026-05-08,Vicente Lopez,60,354,3403390.0,2438.0,816.0,818
2026-05-08,Villa Urquiza,43,364,2535862.0,1817.0,726.0,727
2026-05-09,Caballito,43,225,2056387.0,1471.0,449.0,452
2026-05-09,Scalabrini,56,355,3930370.0,2811.0,863.0,875
2026-05-09,Vicente Lopez,50,317,3062496.0,2191.0,712.0,717
2026-05-09,Villa Urquiza,39,296,1998358.0,1429.0,576.0,589
2026-05-10,Caballito,29,193,1351906.0,967.0,399.0,399
2026-05-10,Scalabrini,57,275,2921237.0,2090.0,770.0,776
2026-05-10,Vicente Lopez,48,278,3398216.0,2431.0,780.0,781
2026-05-10,Villa Urquiza,29,218,2095452.0,1499.0,469.0,474
2026-05-11,Caballito,83,594,5219929.0,3734.0,1417.0,1420
2026-05-11,Scalabrini,115,731,7314736.0,5232.0,1768.0,1778
2026-05-11,Vicente Lopez,120,827,7885588.0,5641.0,1878.0,1882
2026-05-11,Villa Urquiza,74,518,4620108.0,3305.0,1135.0,1142
2026-05-12,Caballito,56,368,2924300.0,2102.0,811.0,814
2026-05-12,Scalabrini,81,469,4875144.0,3504.0,1440.0,1448
2026-05-12,Vicente Lopez,72,359,3831170.0,2753.0,804.0,804
2026-05-12,Villa Urquiza,49,358,2759631.0,1983.0,732.0,738
2026-05-13,Caballito,81,502,4106837.0,2967.0,1202.0,1217
2026-05-13,Scalabrini,104,735,7328208.0,5295.0,1890.0,1897
2026-05-13,Vicente Lopez,92,534,5375537.0,3884.0,1279.0,1282
2026-05-13,Villa Urquiza,64,385,3722172.0,2689.0,1065.0,1070
2026-05-14,Caballito,58,396,3204843.0,2302.0,928.0,935
2026-05-14,Scalabrini,70,348,4217530.0,3030.0,1056.0,1056
2026-05-14,Vicente Lopez,76,501,4572911.0,3285.0,1169.0,1172
2026-05-14,Villa Urquiza,46,287,2364550.0,1699.0,669.0,691
2026-05-15,Caballito,44,253,2111855.0,1518.0,586.0,589
2026-05-15,Scalabrini,60,265,2999189.0,2156.0,788.0,789
2026-05-15,Vicente Lopez,70,413,3982966.0,2863.0,865.0,865
2026-05-15,Villa Urquiza,29,148,1402090.0,1008.0,350.0,360
2026-05-16,Caballito,40,310,2095982.0,1503.0,637.0,647
2026-05-16,Scalabrini,51,390,3547659.0,2544.0,871.0,877
2026-05-16,Vicente Lopez,66,368,3846574.0,2758.0,845.0,845
2026-05-16,Villa Urquiza,36,274,2262752.0,1623.0,590.0,591
2026-05-17,Caballito,37,287,2111030.0,1514.0,586.0,593
2026-05-17,Scalabrini,46,258,2493859.0,1788.0,663.0,663
2026-05-17,Vicente Lopez,55,347,3655227.0,2621.0,861.0,861
2026-05-17,Villa Urquiza,41,335,2412865.0,1730.0,775.0,777
2026-05-18,Caballito,52,388,3035227.0,2177.0,843.0,844
2026-05-18,Scalabrini,65,387,4136180.0,2966.0,1146.0,1154
2026-05-18,Vicente Lopez,50,447,3681020.0,2640.0,969.0,970
2026-05-18,Villa Urquiza,30,175,1751750.0,1256.0,379.0,382
2026-05-19,Caballito,45,255,1954073.0,1399.0,569.0,582
2026-05-19,Scalabrini,69,366,4349475.0,3113.0,1122.0,1124
2026-05-19,Vicente Lopez,62,338,3729044.0,2669.0,841.0,841
2026-05-19,Villa Urquiza,35,303,2590069.0,1854.0,715.0,717
2026-05-20,Caballito,37,232,1902629.0,1361.0,487.0,492
2026-05-20,Scalabrini,57,281,2603990.0,1863.0,741.0,742
2026-05-20,Vicente Lopez,50,276,3156824.0,2258.0,671.0,671
2026-05-20,Villa Urquiza,21,166,1211667.0,867.0,347.0,347
2026-05-21,Caballito,51,333,2621050.0,1876.0,661.0,663
2026-05-21,Scalabrini,42,195,2399559.0,1718.0,526.0,531
2026-05-21,Vicente Lopez,83,443,4999476.0,3579.0,1084.0,1086
2026-05-21,Villa Urquiza,47,332,2947506.0,2110.0,823.0,826
2026-05-22,Caballito,40,337,2630159.0,1893.0,713.0,715
2026-05-22,Scalabrini,49,283,2828464.0,2036.0,687.0,687
2026-05-22,Vicente Lopez,53,450,3876933.0,2790.0,897.0,908
2026-05-22,Villa Urquiza,35,249,2172708.0,1564.0,605.0,608
2026-05-23,Caballito,36,286,2024369.0,1443.0,548.0,552
2026-05-23,Scalabrini,38,260,2673474.0,1906.0,594.0,595
2026-05-23,Vicente Lopez,46,327,2982581.0,2126.0,735.0,735
2026-05-23,Villa Urquiza,23,150,1056808.0,753.0,314.0,314
2026-05-24,Caballito,27,163,1329805.0,948.0,392.0,394
2026-05-24,Scalabrini,35,236,2022452.0,1442.0,546.0,546
2026-05-24,Vicente Lopez,35,182,2042189.0,1456.0,414.0,414
2026-05-24,Villa Urquiza,19,145,1174646.0,837.0,295.0,296
2026-05-25,Caballito,30,152,1540790.0,1098.0,423.0,431
2026-05-25,Scalabrini,37,276,2898059.0,2066.0,588.0,591
2026-05-25,Vicente Lopez,38,233,2088351.0,1488.0,472.0,486
2026-05-25,Villa Urquiza,22,165,1447983.0,1032.0,355.0,356
2026-05-26,Caballito,39,285,2394404.0,1707.0,715.0,723
2026-05-26,Scalabrini,55,403,3513114.0,2504.0,960.0,961
2026-05-26,Vicente Lopez,63,301,3542336.0,2525.0,784.0,786
2026-05-26,Villa Urquiza,38,216,2029462.0,1447.0,522.0,522
2026-05-27,Caballito,50,369,2826210.0,2003.0,895.0,903
2026-05-27,Scalabrini,55,364,2924584.0,2073.0,859.0,863
2026-05-27,Vicente Lopez,46,362,3163608.0,2242.0,829.0,829
2026-05-27,Villa Urquiza,44,331,3320515.0,2353.0,794.0,795
2026-05-28,Caballito,43,297,2233092.0,1581.0,619.0,623
2026-05-28,Scalabrini,52,341,3413104.0,2416.0,920.0,923
2026-05-28,Vicente Lopez,56,392,3890209.0,2754.0,932.0,932
2026-05-28,Villa Urquiza,36,204,2206052.0,1562.0,638.0,638
2026-05-29,Caballito,33,199,1671101.0,1185.0,466.0,466
2026-05-29,Scalabrini,46,360,2800876.0,1986.0,857.0,858
2026-05-29,Vicente Lopez,37,266,2160553.0,1532.0,589.0,591
2026-05-29,Villa Urquiza,40,364,2722149.0,1931.0,710.0,716
2026-05-30,Caballito,30,256,2027781.0,1440.0,590.0,591
2026-05-30,Scalabrini,31,236,2029064.0,1441.0,537.0,538
2026-05-30,Vicente Lopez,38,311,2440093.0,1733.0,591.0,593
2026-05-30,Villa Urquiza,33,262,1976402.0,1404.0,545.0,553
2026-05-31,Caballito,31,269,1857782.0,1319.0,484.0,486
2026-05-31,Scalabrini,41,354,3028046.0,2151.0,857.0,857
2026-05-31,Vicente Lopez,25,173,1814838.0,1289.0,347.0,349
2026-05-31,Villa Urquiza,24,224,1447514.0,1028.0,395.0,397
2026-06-01,Caballito,55,343,3359297.0,2386.0,823.0,834
2026-06-01,Scalabrini,84,699,6411595.0,4554.0,1762.0,1767
2026-06-01,Vicente Lopez,74,487,4901402.0,3481.0,1257.0,1265
2026-06-01,Villa Urquiza,33,296,2062091.0,1465.0,602.0,603
2026-06-02,Caballito,43,250,2495523.0,1750.0,616.0,622
2026-06-02,Scalabrini,64,286,4013419.0,2814.0,938.0,941
2026-06-02,Vicente Lopez,73,431,4694482.0,3292.0,1309.0,1311
2026-06-02,Villa Urquiza,38,240,2259703.0,1585.0,625.0,626
2026-06-03,Caballito,38,265,2201258.0,1543.0,630.0,630
2026-06-03,Scalabrini,46,424,4015220.0,2814.0,1066.0,1072
2026-06-03,Vicente Lopez,59,280,3252772.0,2279.0,734.0,736
2026-06-03,Villa Urquiza,22,235,1960973.0,1374.0,513.0,513
2026-06-04,Caballito,26,267,1723270.0,1198.0,470.0,474
2026-06-04,Scalabrini,61,418,3449876.0,2398.0,1022.0,1025
2026-06-04,Vicente Lopez,32,199,2151737.0,1496.0,574.0,576
2026-06-04,Villa Urquiza,31,141,1703788.0,1184.0,415.0,415
2026-06-05,Caballito,40,331,2952993.0,2056.0,722.0,723
2026-06-05,Scalabrini,39,243,2226391.0,1550.0,582.0,597
2026-06-05,Vicente Lopez,36,313,2669561.0,1858.0,680.0,691
2026-06-05,Villa Urquiza,35,346,2709027.0,1886.0,721.0,728
2026-06-06,Caballito,37,367,2225390.0,1545.0,677.0,693
2026-06-06,Scalabrini,43,325,2722095.0,1890.0,797.0,805
2026-06-06,Vicente Lopez,34,189,2045272.0,1420.0,483.0,483
2026-06-06,Villa Urquiza,34,307,2159310.0,1499.0,624.0,630
2026-06-07,Caballito,29,181,1552880.0,1078.0,375.0,375
2026-06-07,Scalabrini,37,319,2615914.0,1816.0,799.0,804
2026-06-07,Vicente Lopez,36,329,2537487.0,1762.0,682.0,682
2026-06-07,Villa Urquiza,23,187,2055146.0,1427.0,451.0,452
2026-06-08,Caballito,46,319,2761717.0,1917.0,732.0,734
2026-06-08,Scalabrini,51,342,3253724.0,2259.0,895.0,897
2026-06-08,Vicente Lopez,43,276,2824363.0,1961.0,642.0,644
2026-06-08,Villa Urquiza,27,218,1520244.0,1055.0,426.0,427
2026-06-09,Caballito,40,232,2281176.0,1577.0,618.0,620
2026-06-09,Scalabrini,56,319,3044810.0,2105.0,738.0,742
2026-06-09,Vicente Lopez,55,311,3353206.0,2318.0,778.0,781
2026-06-09,Villa Urquiza,26,168,1379409.0,954.0,348.0,348
2026-06-10,Caballito,41,304,2306922.0,1601.0,657.0,659
2026-06-10,Scalabrini,57,405,4248508.0,2948.0,1073.0,1075
2026-06-10,Vicente Lopez,44,262,2753821.0,1911.0,679.0,681
2026-06-10,Villa Urquiza,33,216,2074011.0,1439.0,526.0,531
2026-06-11,Caballito,36,260,2375279.0,1658.0,663.0,669
2026-06-11,Scalabrini,54,392,3708774.0,2589.0,978.0,982
2026-06-11,Vicente Lopez,39,274,3246263.0,2266.0,661.0,661
2026-06-11,Villa Urquiza,37,302,2930352.0,2046.0,759.0,762
2026-06-12,Caballito,56,399,3121155.0,2179.0,841.0,841
2026-06-12,Scalabrini,40,223,2893481.0,2020.0,648.0,650
2026-06-12,Vicente Lopez,44,292,2758849.0,1926.0,568.0,569
2026-06-12,Villa Urquiza,21,178,1427617.0,997.0,389.0,389
2026-06-13,Caballito,44,211,2176680.0,1524.0,530.0,534
2026-06-13,Scalabrini,45,316,2543450.0,1781.0,691.0,693
2026-06-13,Vicente Lopez,34,215,2207490.0,1546.0,492.0,497
2026-06-13,Villa Urquiza,18,105,785957.0,550.0,206.0,206
2026-06-14,Caballito,25,145,1411207.0,988.0,341.0,344
2026-06-14,Scalabrini,33,152,1619124.0,1134.0,362.0,362
2026-06-14,Vicente Lopez,25,260,2356734.0,1650.0,513.0,513
2026-06-14,Villa Urquiza,22,139,1142164.0,800.0,261.0,261
2026-06-15,Caballito,32,194,1636931.0,1146.0,433.0,440
2026-06-15,Scalabrini,43,364,3146432.0,2203.0,682.0,683
2026-06-15,Vicente Lopez,30,210,1881356.0,1317.0,468.0,468
2026-06-15,Villa Urquiza,32,255,2084208.0,1460.0,576.0,576
2026-06-16,Caballito,54,383,3970101.0,2780.0,948.0,950
2026-06-16,Scalabrini,63,390,3983917.0,2790.0,1007.0,1013
2026-06-16,Vicente Lopez,73,420,4792712.0,3356.0,1007.0,1008
2026-06-16,Villa Urquiza,53,359,3194251.0,2237.0,724.0,727
2026-06-17,Caballito,42,243,2264191.0,1576.0,552.0,566
2026-06-17,Scalabrini,60,361,3626442.0,2525.0,927.0,928
2026-06-17,Vicente Lopez,65,426,4349185.0,3028.0,923.0,923
2026-06-17,Villa Urquiza,33,224,2083451.0,1450.0,513.0,516
2026-06-18,Caballito,42,214,2216853.0,1538.0,550.0,551
2026-06-18,Scalabrini,72,462,4446766.0,3085.0,1128.0,1136
2026-06-18,Vicente Lopez,48,359,3463061.0,2402.0,821.0,821
2026-06-18,Villa Urquiza,40,313,2779896.0,1928.0,639.0,643
2026-06-19,Caballito,32,233,2217084.0,1528.0,504.0,510
2026-06-19,Scalabrini,51,403,3283985.0,2263.0,840.0,842
2026-06-19,Vicente Lopez,55,327,3829687.0,2639.0,864.0,868
2026-06-19,Villa Urquiza,28,188,1962797.0,1353.0,470.0,470
2026-06-20,Caballito,27,242,1711196.0,1171.0,479.0,487
2026-06-20,Scalabrini,35,262,2480163.0,1698.0,705.0,707
2026-06-20,Vicente Lopez,41,298,2869113.0,1964.0,629.0,630
2026-06-20,Villa Urquiza,28,271,1835829.0,1257.0,559.0,559
2026-06-21,Caballito,26,177,1479460.0,1013.0,375.0,380
2026-06-21,Scalabrini,38,284,2301137.0,1575.0,710.0,716
2026-06-21,Vicente Lopez,32,201,1914644.0,1310.0,497.0,501
2026-06-21,Villa Urquiza,23,147,1211061.0,829.0,337.0,338
2026-06-22,Caballito,62,540,4380582.0,2998.0,1197.0,1202
2026-06-22,Scalabrini,78,479,4755993.0,3255.0,1189.0,1193
2026-06-22,Vicente Lopez,75,447,5116721.0,3502.0,1058.0,1058
2026-06-22,Villa Urquiza,57,362,3450689.0,2362.0,890.0,891
2026-06-23,Caballito,35,208,1670087.0,1143.0,510.0,515
2026-06-23,Scalabrini,55,391,3547201.0,2427.0,853.0,853
2026-06-23,Vicente Lopez,56,308,4079022.0,2791.0,737.0,737
2026-06-23,Villa Urquiza,33,216,1583577.0,1084.0,435.0,436
2026-06-24,Caballito,33,233,1973304.0,1341.0,560.0,562
2026-06-24,Scalabrini,49,252,2737741.0,1861.0,704.0,706
2026-06-24,Vicente Lopez,65,350,3592039.0,2441.0,861.0,861
2026-06-24,Villa Urquiza,27,266,1643496.0,1117.0,503.0,503
2026-06-25,Caballito,46,322,2917680.0,1973.0,870.0,876
2026-06-25,Scalabrini,57,369,3559390.0,2407.0,880.0,884
2026-06-25,Vicente Lopez,62,401,4215992.0,2851.0,976.0,977
2026-06-25,Villa Urquiza,38,395,3010866.0,2036.0,819.0,828
2026-06-26,Caballito,50,356,3160758.0,2140.0,808.0,812
2026-06-26,Scalabrini,43,255,2550352.0,1727.0,663.0,663
2026-06-26,Vicente Lopez,45,314,2680949.0,1815.0,654.0,654
2026-06-26,Villa Urquiza,35,396,2679092.0,1814.0,801.0,801
2026-06-27,Caballito,30,213,1799203.0,1218.0,428.0,428
2026-06-27,Scalabrini,36,363,2803712.0,1898.0,775.0,777
2026-06-27,Vicente Lopez,38,357,2966674.0,2009.0,773.0,773
2026-06-27,Villa Urquiza,34,290,2190043.0,1483.0,551.0,553
2026-06-28,Caballito,32,188,1630278.0,1104.0,366.0,370
2026-06-28,Scalabrini,45,300,2828982.0,1915.0,703.0,704
2026-06-28,Vicente Lopez,42,302,3162851.0,2141.0,646.0,646
2026-06-28,Villa Urquiza,24,233,2032125.0,1376.0,541.0,541
2026-06-29,Caballito,33,349,2377233.0,1610.0,731.0,732
2026-06-29,Scalabrini,58,364,4538699.0,3073.0,1028.0,1029
2026-06-29,Vicente Lopez,48,351,3519696.0,2383.0,791.0,793
2026-06-29,Villa Urquiza,26,254,1774194.0,1201.0,441.0,450
2026-06-30,Caballito,51,278,2712076.0,1831.0,784.0,784
2026-06-30,Scalabrini,50,369,3653897.0,2466.0,1000.0,1010
2026-06-30,Vicente Lopez,46,295,2881713.0,1945.0,607.0,607
2026-06-30,Villa Urquiza,38,373,2989649.0,2018.0,897.0,907
2026-07-01,Caballito,58,343,2965661.0,2001.0,792.0,795
2026-07-01,Scalabrini,62,433,4100145.0,2767.0,974.0,981
2026-07-01,Vicente Lopez,65,362,4477528.0,3021.0,887.0,887
2026-07-01,Villa Urquiza,40,308,2942596.0,1986.0,721.0,736
2026-07-02,Caballito,2,9,,,,
2026-07-02,Scalabrini,3,16,,,,
2026-07-02,Vicente Lopez,7,38,,,,
2026-07-02,Villa Urquiza,7,38,,,,
