,ene-26,feb-26,mar-26,abr-26,may-26,jun-26,jul-26,ago-26,sep-26,oct-26,nov-26,dic-26,FY,,,,,,,,,,,,,,,,,,,,,,,,,,,,,,,,,,,,
NMV  - Plan Original,350.000.000,400.000.000,456.998.496,479.848.421,503.840.842,525.058.857,813.841.229,1.017.301.536,1.452.441.781,1.510.539.452,2.039.228.260,1.688.331.443,11.237.430.317,,,,,,,,,,,,,,,,,,,,,,,,,,,,,,,,,,,,
NMV  - Plan V2,175.439.531,196.000.000,332.708.333,349.784.967,458.410.548,475.233.128,618.258.889,710.221.161,609.712.863,772.089.722,1.273.391.997,1.848.246.429,7.819.497.567,,,,,,,,,,,,,,,,,,,,,,,,,,,,,,,,,,,,
4+8,175.799.372,196.000.000,332.708.333,244.000.000,324.975.405,359.972.757,469.964.432,509.961.405,609.953.838,879.933.405,1.599.878.918,2.116.349.703,7.819.497.568,,,,,,,,,,,,,,,,,,,,,,,,,,,,,,,,,,,,
,,,,,,,,,,,,,,,,,,,,,,,,,,,,,,,,,,,,,,,,,,,,,,,,,
,,,,,,,,,,,,,,,,,,,,,,,,,,,,,,,,,,,,,,,,,,,,,,,,,
,,,,,,,,,,,,,,,,,,,,,,,,,,,,,,,,,,,,,,,,,,,,,,,,,
,,,,,,,,,,,,,,,,,,,,,,,,,,,,,,,,,,,,,,,,,,,,,,,,,
,,,,,,,,,,,,,,,,,,,,,,,,,,,,,,,,,,,,,,,,,,,,,,,,,
Plan V2,,,,,,,,,,,,,,,,,,,,,,,,,,,,,,,Plan 4+8,,,,,,,,,,,,,,,,,,
,,,,886.551.363,217.974,712.407.345,175.157,585.757.150,144.018,759.901.168,186.835,2.944.617.026,723.984,,,,,,,,,,,,,,,,,,,,,,637.289.168,156.657,10.443,642.104.085,157.848,10.526,417.226.276,102.530,6.838,519.000.534,127.528,8.501,2.215.620.052,544.554,36.305
Dia,Mes,Fecha,Semana,Scala NMV,Scala NSI,Vilo NMV,Vilo NSI,VUrq NMV,VUrq NSI,Caballito NMV,Caballito NSI,Total NMV,Total NSI,,,Mes,,,,,,,,Mes,Fecha,Scala NMV,Vilo NMV,VUrq NMV,Caballito NMV,,Dia,Mes,Fecha,Semana,Scala NMV,Scala NSI,Scala Purchases,Vilo NMV,Vilo NSI,Vilo Purchases,VUrq NMV,VUrq NSI,VUrq Purchases,Caballito NMV,Caballito NSI,Caballito Purchases,Total NMV,Total NSI,Total Purchases
domingo,3,1-mar,10,2.209.427,569,1.775.433,457,1.459.800,376,1.893.795,487,7.338.455,1.889,,Valores,3,4,5,6,7,8,Suma total,,3,1-mar,2%,2%,2%,2%,,domingo,3,1-mar,10,2.001.176,510,34,2.019.243,515,34,1.245.337,317,21,1.500.056,382,25,6.765.813,1.724,115
lunes,3,2-mar,10,3.916.267,1.008,3.147.000,810,2.587.534,666,3.356.800,864,13.007.602,3.348,,SUM de Scala NMV,"100.170.250,7","105.311.602,9","138.016.078,9","143.080.941,9","186.142.461,2","213.830.026,9","886.551.362,5",,3,2-mar,4%,4%,4%,4%,,lunes,3,2-mar,10,3.547.137,904,60,3.579.161,912,61,2.207.392,563,38,2.658.889,678,45,11.992.578,3.056,204
martes,3,3-mar,10,3.899.949,1.004,3.133.888,807,2.576.752,663,3.342.814,860,12.953.404,3.334,,SUM de Vilo NMV,80.493.951,84.625.395,110.905.778,114.975.757,149.578.763,171.827.700,712.407.345,,3,3-mar,4%,4%,4%,4%,,martes,3,3-mar,10,3.532.357,900,60,3.564.248,908,61,2.198.194,560,37,2.647.810,675,45,11.942.609,3.043,203
miércoles,3,4-mar,10,3.573.594,920,2.871.638,739,2.361.125,608,3.063.080,788,11.869.437,3.055,,SUM de VUrq NMV,66.183.916,69.580.880,91.189.195,94.535.622,122.986.983,141.280.553,585.757.150,,3,4-mar,4%,4%,4%,4%,,miércoles,3,4-mar,10,3.236.762,825,55,3.265.984,832,55,2.014.245,513,34,2.426.236,618,41,10.943.227,2.789,186
jueves,3,5-mar,10,2.777.286,715,2.231.748,574,1.834.993,472,2.380.531,613,9.224.558,2.374,,SUM de Caballito NMV,85.860.215,90.267.088,118.299.496,122.640.807,159.550.681,183.282.880,759.901.168,,3,5-mar,3%,3%,3%,3%,,jueves,3,5-mar,10,2.515.511,641,43,2.538.221,647,43,1.565.409,399,27,1.885.595,481,32,8.504.736,2.167,144
viernes,3,6-mar,10,3.720.454,958,2.989.650,769,2.458.157,633,3.188.960,821,12.357.222,3.181,,,"332.708.332,7","349.784.966,8","458.410.547,9","475.233.128,4","618.258.889,1","710.221.160,7","2.944.617.025,6",,3,6-mar,4%,4%,4%,4%,,viernes,3,6-mar,10,3.369.780,859,57,3.400.203,867,58,2.097.022,534,36,2.525.944,644,43,11.392.949,2.903,194
sábado,3,7-mar,10,2.747.914,707,2.208.145,568,1.815.586,467,2.355.355,606,9.127.001,2.349,,SUM de Scala NMV,30%,30%,30%,30%,30%,30%,30%,,3,7-mar,3%,3%,3%,3%,,sábado,3,7-mar,10,2.488.908,634,42,2.511.378,640,43,1.548.853,395,26,1.865.654,475,32,8.414.792,2.144,143
domingo,3,8-mar,11,2.209.427,569,1.775.433,457,1.459.800,376,1.893.795,487,7.338.455,1.889,,SUM de Vilo NMV,24%,24%,24%,24%,24%,24%,24%,,3,8-mar,2%,2%,2%,2%,,domingo,3,8-mar,11,2.001.176,510,34,2.019.243,515,34,1.245.337,317,21,1.500.056,382,25,6.765.813,1.724,115
lunes,3,9-mar,11,3.916.267,1.008,3.147.000,810,2.587.534,666,3.356.800,864,13.007.602,3.348,,SUM de VUrq NMV,20%,20%,20%,20%,20%,20%,20%,,3,9-mar,4%,4%,4%,4%,,lunes,3,9-mar,11,3.547.137,904,60,3.579.161,912,61,2.207.392,563,38,2.658.889,678,45,11.992.578,3.056,204
martes,3,10-mar,11,3.899.949,1.004,3.133.888,807,2.576.752,663,3.342.814,860,12.953.404,3.334,,SUM de Caballito NMV,26%,26%,26%,26%,26%,26%,26%,,3,10-mar,4%,4%,4%,4%,,martes,3,10-mar,11,3.532.357,900,60,3.564.248,908,61,2.198.194,560,37,2.647.810,675,45,11.942.609,3.043,203
miércoles,3,11-mar,11,3.573.594,920,2.871.638,739,2.361.125,608,3.063.080,788,11.869.437,3.055,,,,,,,,,,,3,11-mar,4%,4%,4%,4%,,miércoles,3,11-mar,11,3.236.762,825,55,3.265.984,832,55,2.014.245,513,34,2.426.236,618,41,10.943.227,2.789,186
jueves,3,12-mar,11,2.777.286,715,2.231.748,574,1.834.993,472,2.380.531,613,9.224.558,2.374,,Tienda,10,11,12,1,2,3,4,,3,12-mar,3%,3%,3%,3%,,jueves,3,12-mar,11,2.515.511,641,43,2.538.221,647,43,1.565.409,399,27,1.885.595,481,32,8.504.736,2.167,144
viernes,3,13-mar,11,3.720.454,958,2.989.650,769,2.458.157,633,3.188.960,821,12.357.222,3.181,,Caballito,,,34.055.079,44.895.424,57.731.083,68.009.031,23.729.623,194.365.161,3,13-mar,4%,4%,4%,4%,,viernes,3,13-mar,11,3.369.780,859,57,3.400.203,867,58,2.097.022,534,36,2.525.944,644,43,11.392.949,2.903,194
sábado,3,14-mar,11,2.747.914,707,2.208.145,568,1.815.586,467,2.355.355,606,9.127.001,2.349,,Scalabrini,10.451.118,34.150.904,56.456.356,50.747.817,69.074.828,90.728.633,25.001.557,235.552.835,3,14-mar,3%,3%,3%,3%,,sábado,3,14-mar,11,2.488.908,634,42,2.511.378,640,43,1.548.853,395,26,1.865.654,475,32,8.414.792,2.144,143
domingo,3,15-mar,12,2.209.427,569,1.775.433,457,1.459.800,376,1.893.795,487,7.338.455,1.889,,Vicente Lopez,,22.656.087,51.330.633,46.035.027,69.560.421,91.547.742,30.131.728,237.274.918,3,15-mar,2%,2%,2%,2%,,domingo,3,15-mar,12,2.001.176,510,34,2.019.243,515,34,1.245.337,317,21,1.500.056,382,25,6.765.813,1.724,115
lunes,3,16-mar,12,3.916.267,1.008,3.147.000,810,2.587.534,666,3.356.800,864,13.007.602,3.348,,Villa Urquiza,,,28.392.332,33.761.265,45.809.648,56.460.652,19.448.679,155.480.243,3,16-mar,4%,4%,4%,4%,,lunes,3,16-mar,12,3.547.137,904,60,3.579.161,912,61,2.207.392,563,38,2.658.889,678,45,11.992.578,3.056,204
martes,3,17-mar,12,3.899.949,1.004,3.133.888,807,2.576.752,663,3.342.814,860,12.953.404,3.334,,TOTAL,10.451.118,56.806.992,170.234.400,175.439.531,242.175.980,306.746.058,98.311.588,822.673.157,3,17-mar,4%,4%,4%,4%,,martes,3,17-mar,12,3.532.357,900,60,3.564.248,908,61,2.198.194,560,37,2.647.810,675,45,11.942.609,3.043,203
miércoles,3,18-mar,12,3.573.594,920,2.871.638,739,2.361.125,608,3.063.080,788,11.869.437,3.055,,Caballito,0%,0%,20%,26%,24%,22%,24%,24%,3,18-mar,4%,4%,4%,4%,,miércoles,3,18-mar,12,3.236.762,825,55,3.265.984,832,55,2.014.245,513,34,2.426.236,618,41,10.943.227,2.789,186
jueves,3,19-mar,12,2.777.286,715,2.231.748,574,1.834.993,472,2.380.531,613,9.224.558,2.374,,Scalabrini,100%,60%,33%,29%,29%,30%,25%,29%,3,19-mar,3%,3%,3%,3%,,jueves,3,19-mar,12,2.515.511,641,43,2.538.221,647,43,1.565.409,399,27,1.885.595,481,32,8.504.736,2.167,144
viernes,3,20-mar,12,3.720.454,958,2.989.650,769,2.458.157,633,3.188.960,821,12.357.222,3.181,,Vicente Lopez,0%,40%,30%,26%,29%,30%,31%,29%,3,20-mar,4%,4%,4%,4%,,viernes,3,20-mar,12,3.369.780,859,57,3.400.203,867,58,2.097.022,534,36,2.525.944,644,43,11.392.949,2.903,194
sábado,3,21-mar,12,2.747.914,707,2.208.145,568,1.815.586,467,2.355.355,606,9.127.001,2.349,,Villa Urquiza,0%,0%,17%,19%,19%,18%,20%,19%,3,21-mar,3%,3%,3%,3%,,sábado,3,21-mar,12,2.488.908,634,42,2.511.378,640,43,1.548.853,395,26,1.865.654,475,32,8.414.792,2.144,143
domingo,3,22-mar,13,2.209.427,569,1.775.433,457,1.459.800,376,1.893.795,487,7.338.455,1.889,,,,,,,,,,,3,22-mar,2%,2%,2%,2%,,domingo,3,22-mar,13,2.001.176,510,34,2.019.243,515,34,1.245.337,317,21,1.500.056,382,25,6.765.813,1.724,115
lunes,3,23-mar,13,3.297.497,849,2.649.774,682,2.178.703,561,2.826.426,727,10.952.401,2.819,,,,,,,,,,,3,23-mar,3%,3%,3%,3%,,lunes,3,23-mar,13,2.986.689,761,51,3.013.653,768,51,1.858.624,474,32,2.238.784,571,38,10.097.751,2.573,172
martes,3,24-mar,13,3.283.757,845,2.638.734,679,2.169.625,558,2.814.649,724,10.906.766,2.807,,,,,,,,,,,3,24-mar,3%,3%,3%,3%,,martes,3,24-mar,13,2.974.245,758,51,3.001.096,765,51,1.850.880,472,31,2.229.456,568,38,10.055.677,2.563,171
miércoles,3,25-mar,13,3.573.594,920,2.871.638,739,2.361.125,608,3.063.080,788,11.869.437,3.055,,,,,,,,,,,3,25-mar,4%,4%,4%,4%,,miércoles,3,25-mar,13,3.236.762,825,55,3.265.984,832,55,2.014.245,513,34,2.426.236,618,41,10.943.227,2.789,186
jueves,3,26-mar,13,2.777.286,715,2.231.748,574,1.834.993,472,2.380.531,613,9.224.558,2.374,,,,,,,,,,,3,26-mar,3%,3%,3%,3%,,jueves,3,26-mar,13,2.515.511,641,43,2.538.221,647,43,1.565.409,399,27,1.885.595,481,32,8.504.736,2.167,144
viernes,3,27-mar,13,3.720.454,958,2.989.650,769,2.458.157,633,3.188.960,821,12.357.222,3.181,,,,,,,,,,,3,27-mar,4%,4%,4%,4%,,viernes,3,27-mar,13,3.369.780,859,57,3.400.203,867,58,2.097.022,534,36,2.525.944,644,43,11.392.949,2.903,194
sábado,3,28-mar,13,2.747.914,707,2.208.145,568,1.815.586,467,2.355.355,606,9.127.001,2.349,,,,,,,,,,,3,28-mar,3%,3%,3%,3%,,sábado,3,28-mar,13,2.488.908,634,42,2.511.378,640,43,1.548.853,395,26,1.865.654,475,32,8.414.792,2.144,143
domingo,3,29-mar,14,2.209.427,569,1.775.433,457,1.459.800,376,1.893.795,487,7.338.455,1.889,,,,,,,,,,,3,29-mar,2%,2%,2%,2%,,domingo,3,29-mar,14,2.001.176,510,34,2.019.243,515,34,1.245.337,317,21,1.500.056,382,25,6.765.813,1.724,115
lunes,3,30-mar,14,3.916.267,1.008,3.147.000,810,2.587.534,666,3.356.800,864,13.007.602,3.348,,,,,,,,,,,3,30-mar,4%,4%,4%,4%,,lunes,3,30-mar,14,3.547.137,904,60,3.579.161,912,61,2.207.392,563,38,2.658.889,678,45,11.992.578,3.056,204
martes,3,31-mar,14,3.899.949,1.004,3.133.888,807,2.576.752,663,3.342.814,860,12.953.404,3.334,,,,,,,,,,,3,31-mar,4%,4%,4%,4%,,martes,3,31-mar,14,3.532.357,900,60,3.564.248,908,61,2.198.194,560,37,2.647.810,675,45,11.942.609,3.043,203
miércoles,4,1-abr,14,3.148.723,798,2.530.224,641,2.080.406,527,2.698.905,684,10.458.258,2.649,,,,,,,,,,,4,1-abr,3%,3%,3%,3%,,miércoles,4,1-abr,14,2.088.859,529,35,2.104.130,533,36,1.378.783,349,23,1.723.610,437,29,7.295.382,1.848,123
jueves,4,2-abr,14,2.447.090,620,1.966.411,498,1.616.827,410,2.097.505,531,8.127.833,2.059,,,,,,,,,,,4,2-abr,2%,2%,2%,2%,,jueves,4,2-abr,14,1.623.396,411,27,1.635.264,414,28,1.071.547,271,18,1.339.537,339,23,5.669.744,1.436,96
viernes,4,3-abr,14,3.278.122,830,2.634.205,667,2.165.902,549,2.809.819,712,10.888.049,2.758,,,,,,,,,,,4,3-abr,3%,3%,3%,3%,,viernes,4,3-abr,14,2.174.702,551,37,2.190.601,555,37,1.435.445,364,24,1.794.444,455,30,7.595.192,1.924,128
sábado,4,4-abr,14,2.875.546,728,2.310.707,585,1.899.914,481,2.464.754,624,9.550.921,2.420,,,,,,,,,,,4,4-abr,3%,3%,3%,3%,,sábado,4,4-abr,14,1.907.633,483,32,1.921.580,487,32,1.259.163,319,21,1.574.074,399,27,6.662.449,1.688,113
domingo,4,5-abr,15,2.312.048,586,1.857.896,471,1.527.603,387,1.981.756,502,7.679.303,1.945,,,,,,,,,,,4,5-abr,2%,2%,2%,2%,,domingo,4,5-abr,15,1.533.810,389,26,1.545.023,391,26,1.012.415,256,17,1.265.615,321,21,5.356.862,1.357,90
lunes,4,6-abr,15,4.098.165,1.038,3.293.169,834,2.707.716,686,3.512.713,890,13.611.763,3.448,,,,,,,,,,,4,6-abr,4%,4%,4%,4%,,lunes,4,6-abr,15,2.718.717,689,46,2.738.594,694,46,1.794.531,455,30,2.243.335,568,38,9.495.177,2.405,160
martes,4,7-abr,15,4.081.090,1.034,3.279.447,831,2.696.434,683,3.498.077,886,13.555.048,3.434,,,,,,,,,,,4,7-abr,4%,4%,4%,4%,,martes,4,7-abr,15,2.707.389,686,46,2.727.183,691,46,1.787.054,453,30,2.233.988,566,38,9.455.614,2.395,160
miércoles,4,8-abr,15,3.851.763,976,3.095.167,784,2.544.915,645,3.301.511,836,12.793.356,3.241,,,,,,,,,,,4,8-abr,4%,4%,4%,4%,,miércoles,4,8-abr,15,2.555.255,647,43,2.573.936,652,43,1.686.635,427,28,2.108.455,534,36,8.924.280,2.261,151
jueves,4,9-abr,15,2.993.471,758,2.405.467,609,1.977.829,501,2.565.832,650,9.942.599,2.519,,,,,,,,,,,4,9-abr,3%,3%,3%,3%,,jueves,4,9-abr,15,1.985.865,503,34,2.000.383,507,34,1.310.800,332,22,1.638.625,415,28,6.935.673,1.757,117
viernes,4,10-abr,15,4.010.055,1.016,3.222.365,816,2.649.500,671,3.437.190,871,13.319.110,3.374,,,,,,,,,,,4,10-abr,4%,4%,4%,4%,,viernes,4,10-abr,15,2.660.265,674,45,2.679.714,679,45,1.755.949,445,30,2.195.103,556,37,9.291.031,2.354,157
sábado,4,11-abr,15,2.961.812,750,2.380.028,603,1.956.912,496,2.538.696,643,9.837.448,2.492,,,,,,,,,,,4,11-abr,3%,3%,3%,3%,,sábado,4,11-abr,15,1.964.862,498,33,1.979.227,501,33,1.296.937,329,22,1.621.296,411,27,6.862.323,1.738,116
domingo,4,12-abr,16,2.381.410,603,1.913.633,485,1.573.431,399,2.041.208,517,7.909.682,2.004,,,,,,,,,,,4,12-abr,2%,2%,2%,2%,,domingo,4,12-abr,16,1.579.824,400,27,1.591.374,403,27,1.042.787,264,18,1.303.583,330,22,5.517.568,1.398,93
lunes,4,13-abr,16,4.221.110,1.069,3.391.964,859,2.788.948,707,3.618.094,917,14.020.116,3.552,,,,,,,,,,,4,13-abr,4%,4%,4%,4%,,lunes,4,13-abr,16,2.800.279,709,47,2.820.751,715,48,1.848.367,468,31,2.310.635,585,39,9.780.032,2.478,165
martes,4,14-abr,16,4.203.522,1.065,3.377.830,856,2.777.327,704,3.603.019,913,13.961.699,3.537,,,,,,,,,,,4,14-abr,4%,4%,4%,4%,,martes,4,14-abr,16,2.788.611,706,47,2.808.998,712,47,1.840.665,466,31,2.301.008,583,39,9.739.282,2.467,164
miércoles,4,15-abr,16,3.967.316,1.005,3.188.022,808,2.621.262,664,3.400.557,861,13.177.157,3.338,,,,,,,,,,,4,15-abr,4%,4%,4%,4%,,miércoles,4,15-abr,16,2.631.912,667,44,2.651.154,672,45,1.737.234,440,29,2.171.708,550,37,9.192.008,2.329,155
jueves,4,16-abr,16,3.083.275,781,2.477.632,628,2.037.164,516,2.642.807,670,10.240.877,2.594,,,,,,,,,,,4,16-abr,3%,3%,3%,3%,,jueves,4,16-abr,16,2.045.440,518,35,2.060.394,522,35,1.350.124,342,23,1.687.784,428,29,7.143.743,1.810,121
viernes,4,17-abr,16,4.130.356,1.046,3.319.036,841,2.728.985,691,3.540.305,897,13.718.684,3.475,,,,,,,,,,,4,17-abr,4%,4%,4%,4%,,viernes,4,17-abr,16,2.740.073,694,46,2.760.105,699,47,1.808.627,458,31,2.260.957,573,38,9.569.762,2.424,162
sábado,4,18-abr,16,3.050.667,773,2.451.429,621,2.015.619,511,2.614.857,662,10.132.572,2.567,,,,,,,,,,,4,18-abr,3%,3%,3%,3%,,sábado,4,18-abr,16,2.023.808,513,34,2.038.604,516,34,1.335.846,338,23,1.669.935,423,28,7.068.192,1.791,119
domingo,4,19-abr,17,2.452.852,621,1.971.042,499,1.620.634,411,2.102.445,533,8.146.973,2.064,,,,,,,,,,,4,19-abr,2%,2%,2%,2%,,domingo,4,19-abr,17,1.627.219,412,27,1.639.115,415,28,1.074.071,272,18,1.342.691,340,23,5.683.095,1.440,96
lunes,4,20-abr,17,4.347.744,1.101,3.493.722,885,2.872.616,728,3.726.637,944,14.440.720,3.658,,,,,,,,,,,4,20-abr,4%,4%,4%,4%,,lunes,4,20-abr,17,2.884.287,731,49,2.905.374,736,49,1.903.818,482,32,2.379.954,603,40,10.073.433,2.552,170
martes,4,21-abr,17,4.329.628,1.097,3.479.165,881,2.860.647,725,3.711.110,940,14.380.550,3.643,,,,,,,,,,,4,21-abr,4%,4%,4%,4%,,martes,4,21-abr,17,2.872.270,728,49,2.893.268,733,49,1.895.885,480,32,2.370.038,600,40,10.031.461,2.541,169
miércoles,4,22-abr,17,4.086.335,1.035,3.283.662,832,2.699.900,684,3.502.573,887,13.572.471,3.438,,,,,,,,,,,4,22-abr,4%,4%,4%,4%,,miércoles,4,22-abr,17,2.710.870,687,46,2.730.688,692,46,1.789.351,453,30,2.236.860,567,38,9.467.768,2.399,160
jueves,4,23-abr,17,3.175.773,805,2.551.960,647,2.098.279,532,2.722.091,690,10.548.103,2.672,,,,,,,,,,,4,23-abr,3%,3%,3%,3%,,jueves,4,23-abr,17,2.106.804,534,36,2.122.206,538,36,1.390.628,352,23,1.738.418,440,29,7.358.056,1.864,124
viernes,4,24-abr,17,4.254.267,1.078,3.418.607,866,2.810.855,712,3.646.515,924,14.130.244,3.580,,,,,,,,,,,4,24-abr,4%,4%,4%,4%,,viernes,4,24-abr,17,2.822.275,715,48,2.842.908,720,48,1.862.886,472,31,2.328.785,590,39,9.856.855,2.497,166
sábado,4,25-abr,17,3.142.187,796,2.524.971,640,2.076.088,526,2.693.303,682,10.436.549,2.644,,,,,,,,,,,4,25-abr,3%,3%,3%,3%,,sábado,4,25-abr,17,2.084.523,528,35,2.099.762,532,35,1.375.921,349,23,1.720.033,436,29,7.280.238,1.844,123
domingo,4,26-abr,18,2.526.438,640,2.030.173,514,1.669.253,423,2.165.518,549,8.391.382,2.126,,,,,,,,,,,4,26-abr,2%,2%,2%,2%,,domingo,4,26-abr,18,1.676.035,425,28,1.688.289,428,29,1.106.293,280,19,1.382.972,350,23,5.853.588,1.483,99
lunes,4,27-abr,18,4.478.176,1.134,3.598.534,912,2.958.795,750,3.838.436,972,14.873.941,3.768,,,,,,,,,,,4,27-abr,4%,4%,4%,4%,,lunes,4,27-abr,18,2.970.816,753,50,2.992.535,758,51,1.960.932,497,33,2.451.353,621,41,10.375.636,2.629,175
martes,4,28-abr,18,4.459.517,1.130,3.583.540,908,2.946.466,746,3.822.443,968,14.811.966,3.752,,,,,,,,,,,4,28-abr,4%,4%,4%,4%,,martes,4,28-abr,18,2.958.438,749,50,2.980.066,755,50,1.952.762,495,33,2.441.139,618,41,10.332.405,2.618,175
miércoles,4,29-abr,18,4.208.926,1.066,3.382.172,857,2.780.897,705,3.607.650,914,13.979.645,3.542,,,,,,,,,,,4,29-abr,4%,4%,4%,4%,,miércoles,4,29-abr,18,2.792.196,707,47,2.812.609,713,48,1.843.031,467,31,2.303.965,584,39,9.751.801,2.471,165
jueves,4,30-abr,18,2.754.221,698,2.213.213,561,1.819.753,461,2.360.761,598,9.147.948,2.318,,,,,,,,,,,4,30-abr,3%,3%,3%,3%,,jueves,4,30-abr,18,1.827.147,463,31,1.840.504,466,31,1.206.036,306,20,1.507.660,382,25,6.381.347,1.617,108
viernes,5,1-may,18,3.748.719,935,3.012.364,751,2.476.832,618,3.213.188,801,12.451.104,3.105,,,,,,,,,,,5,1-may,3%,3%,3%,3%,,viernes,5,1-may,18,2.527.346,630,42,2.545.823,635,42,1.668.213,416,28,2.085.426,520,35,8.826.809,2.201,147
sábado,5,2-may,18,3.288.350,820,2.642.424,659,2.172.660,542,2.818.586,703,10.922.021,2.723,,,,,,,,,,,5,2-may,2%,2%,2%,2%,,sábado,5,2-may,18,2.216.970,553,37,2.233.178,557,37,1.463.345,365,24,1.829.321,456,30,7.742.815,1.931,129
domingo,5,3-may,19,2.643.959,659,2.124.610,530,1.746.901,436,2.266.250,565,8.781.720,2.190,,,,,,,,,,,5,3-may,2%,2%,2%,2%,,domingo,5,3-may,19,1.782.528,444,30,1.795.560,448,30,1.176.585,293,20,1.470.844,367,24,6.225.518,1.552,103
lunes,5,4-may,19,4.686.485,1.169,3.765.925,939,3.096.428,772,4.016.987,1.002,15.565.825,3.881,,,,,,,,,,,5,4-may,3%,3%,3%,3%,,lunes,5,4-may,19,3.159.578,788,53,3.182.677,794,53,2.085.528,520,35,2.607.109,650,43,11.034.891,2.751,183
martes,5,5-may,19,4.666.958,1.164,3.750.234,935,3.083.526,769,4.000.250,997,15.500.968,3.865,,,,,,,,,,,5,5-may,3%,3%,3%,3%,,martes,5,5-may,19,3.146.413,785,52,3.169.416,790,53,2.076.838,518,35,2.596.246,647,43,10.988.912,2.740,183
miércoles,5,6-may,19,4.404.710,1.098,3.539.499,883,2.910.255,726,3.775.466,941,14.629.930,3.648,,,,,,,,,,,5,6-may,3%,3%,3%,3%,,miércoles,5,6-may,19,2.969.608,740,49,2.991.318,746,50,1.960.135,489,33,2.450.356,611,41,10.371.418,2.586,172
jueves,5,7-may,19,3.423.204,854,2.750.789,686,2.261.760,564,2.934.175,732,11.369.927,2.835,,,,,,,,,,,5,7-may,2%,2%,2%,2%,,jueves,5,7-may,19,2.307.887,575,38,2.324.760,580,39,1.523.356,380,25,1.904.341,475,32,8.060.344,2.010,134
viernes,5,8-may,19,4.585.726,1.143,3.684.958,919,3.029.854,755,3.930.622,980,15.231.160,3.798,,,,,,,,,,,5,8-may,3%,3%,3%,3%,,viernes,5,8-may,19,3.091.647,771,51,3.114.249,777,52,2.040.689,509,34,2.551.056,636,42,10.797.641,2.692,179
sábado,5,9-may,19,3.387.001,845,2.721.697,679,2.237.840,558,2.903.144,724,11.249.681,2.805,,,,,,,,,,,5,9-may,2%,2%,2%,2%,,sábado,5,9-may,19,2.283.480,569,38,2.300.174,574,38,1.507.245,376,25,1.884.201,470,31,7.975.099,1.989,133
domingo,5,10-may,20,2.723.277,679,2.188.348,546,1.799.308,449,2.334.238,582,9.045.171,2.255,,,,,,,,,,,5,10-may,2%,2%,2%,2%,,domingo,5,10-may,20,1.836.004,458,31,1.849.427,461,31,1.211.883,302,20,1.514.969,378,25,6.412.283,1.599,107
lunes,5,11-may,20,7.170.322,1.788,5.761.866,1.437,4.737.534,1.181,6.145.990,1.532,23.815.712,5.938,,,,,,,,,,,5,11-may,5%,5%,5%,5%,,lunes,5,11-may,20,4.834.154,1.205,80,4.869.496,1.214,81,3.190.857,796,53,3.988.876,995,66,16.883.383,4.210,281
martes,5,12-may,20,7.140.446,1.780,5.737.858,1.431,4.717.794,1.176,6.120.382,1.526,23.716.480,5.913,,,,,,,,,,,5,12-may,5%,5%,5%,5%,,martes,5,12-may,20,4.814.012,1.200,80,4.849.206,1.209,81,3.177.562,792,53,3.972.256,990,66,16.813.035,4.192,279
miércoles,5,13-may,20,6.739.206,1.680,5.415.434,1.350,4.452.690,1.110,5.776.463,1.440,22.383.793,5.581,,,,,,,,,,,5,13-may,5%,5%,5%,5%,,miércoles,5,13-may,20,4.543.500,1.133,76,4.576.717,1.141,76,2.999.007,748,50,3.749.045,935,62,15.868.270,3.957,264
jueves,5,14-may,20,4.895.182,1.221,3.933.628,981,3.234.316,806,4.195.870,1.046,16.258.996,4.054,,,,,,,,,,,5,14-may,4%,4%,4%,4%,,jueves,5,14-may,20,3.300.279,823,55,3.324.406,829,55,2.178.399,543,36,2.723.207,679,45,11.526.292,2.874,192
viernes,5,15-may,20,6.328.301,1.578,5.085.242,1.268,4.181.199,1.043,5.424.258,1.352,21.019.001,5.241,,,,,,,,,,,5,15-may,5%,5%,5%,5%,,viernes,5,15-may,20,4.266.473,1.064,71,4.297.664,1.072,71,2.816.150,702,47,3.520.457,878,59,14.900.744,3.715,248
sábado,5,16-may,20,4.504.711,1.123,3.619.857,903,2.976.327,742,3.861.181,963,14.962.076,3.731,,,,,,,,,,,5,16-may,3%,3%,3%,3%,,sábado,5,16-may,20,3.037.028,757,50,3.059.231,763,51,2.004.637,500,33,2.505.987,625,42,10.606.882,2.645,176
domingo,5,17-may,21,3.485.795,869,2.801.085,698,2.303.115,574,2.987.824,745,11.577.819,2.887,,,,,,,,,,,5,17-may,3%,3%,3%,3%,,domingo,5,17-may,21,2.350.086,586,39,2.367.267,590,39,1.551.210,387,26,1.939.160,484,32,8.207.722,2.047,136
lunes,5,18-may,21,5.937.308,1.480,4.771.051,1.190,3.922.864,978,5.089.121,1.269,19.720.344,4.917,,,,,,,,,,,5,18-may,4%,4%,4%,4%,,lunes,5,18-may,21,4.002.869,998,67,4.032.133,1.005,67,2.642.155,659,44,3.302.946,824,55,13.980.103,3.486,232
martes,5,19-may,21,4.951.176,1.235,3.978.623,992,3.271.313,816,4.243.865,1.058,16.444.976,4.100,,,,,,,,,,,5,19-may,4%,4%,4%,4%,,martes,5,19-may,21,3.338.029,832,55,3.362.433,838,56,2.203.317,549,37,2.754.357,687,46,11.658.137,2.907,194
miércoles,5,20-may,21,4.672.957,1.165,3.755.055,936,3.087.489,770,4.005.392,999,15.520.893,3.870,,,,,,,,,,,5,20-may,3%,3%,3%,3%,,miércoles,5,20-may,21,3.150.457,786,52,3.173.490,791,53,2.079.507,519,35,2.599.583,648,43,11.003.037,2.744,183
jueves,5,21-may,21,3.631.677,906,2.918.312,728,2.399.501,598,3.112.866,776,12.062.356,3.008,,,,,,,,,,,5,21-may,3%,3%,3%,3%,,jueves,5,21-may,21,2.448.438,610,41,2.466.338,615,41,1.616.129,403,27,2.020.315,504,34,8.551.219,2.132,142
viernes,5,22-may,21,4.864.996,1.213,3.909.372,975,3.214.373,801,4.169.997,1.040,16.158.738,4.029,,,,,,,,,,,5,22-may,4%,4%,4%,4%,,viernes,5,22-may,21,3.279.928,818,55,3.303.907,824,55,2.164.967,540,36,2.706.415,675,45,11.455.217,2.856,190
sábado,5,23-may,21,3.593.269,896,2.887.448,720,2.374.124,592,3.079.945,768,11.934.787,2.976,,,,,,,,,,,5,23-may,3%,3%,3%,3%,,sábado,5,23-may,21,2.422.543,604,40,2.440.254,608,41,1.599.037,399,27,1.998.949,498,33,8.460.783,2.110,141
domingo,5,24-may,22,2.889.125,720,2.321.618,579,1.908.886,476,2.476.393,617,9.596.022,2.393,,,,,,,,,,,5,24-may,2%,2%,2%,2%,,domingo,5,24-may,22,1.947.817,486,32,1.962.057,489,33,1.285.686,321,21,1.607.231,401,27,6.802.791,1.696,113
lunes,5,25-may,22,4.311.923,1.075,3.464.938,864,2.848.949,710,3.695.934,922,14.321.744,3.571,,,,,,,,,,,5,25-may,3%,3%,3%,3%,,lunes,5,25-may,22,2.907.052,725,48,2.928.305,730,49,1.918.844,478,32,2.398.738,598,40,10.152.940,2.532,169
martes,5,26-may,22,5.099.711,1.272,4.097.982,1.022,3.369.452,840,4.371.181,1.090,16.938.326,4.223,,,,,,,,,,,5,26-may,4%,4%,4%,4%,,martes,5,26-may,22,3.438.170,857,57,3.463.306,864,58,2.269.417,566,38,2.836.988,707,47,12.007.881,2.994,200
miércoles,5,27-may,22,4.813.146,1.200,3.867.706,964,3.180.114,793,4.125.553,1.029,15.986.519,3.986,,,,,,,,,,,5,27-may,3%,3%,3%,3%,,miércoles,5,27-may,22,3.244.971,809,54,3.268.694,815,54,2.141.893,534,36,2.677.570,668,45,11.333.128,2.826,188
jueves,5,28-may,22,3.740.627,933,3.005.861,749,2.471.486,616,3.206.252,799,12.424.227,3.098,,,,,,,,,,,5,28-may,3%,3%,3%,3%,,jueves,5,28-may,22,2.521.891,629,42,2.540.328,633,42,1.664.612,415,28,2.080.925,519,35,8.807.756,2.196,146
viernes,5,29-may,22,5.010.946,1.249,4.026.653,1.004,3.310.804,826,4.295.097,1.071,16.643.500,4.150,,,,,,,,,,,5,29-may,4%,4%,4%,4%,,viernes,5,29-may,22,3.378.326,842,56,3.403.024,849,57,2.229.916,556,37,2.787.608,695,46,11.798.873,2.942,196
sábado,5,30-may,22,3.701.067,923,2.974.072,742,2.445.348,610,3.172.343,791,12.292.830,3.065,,,,,,,,,,,5,30-may,3%,3%,3%,3%,,sábado,5,30-may,22,2.495.220,622,41,2.513.462,627,42,1.647.008,411,27,2.058.917,513,34,8.714.607,2.173,145
domingo,5,31-may,23,2.975.799,742,2.391.267,596,1.966.153,490,2.550.685,636,9.883.903,2.464,,,,,,,,,,,5,31-may,2%,2%,2%,2%,,domingo,5,31-may,23,2.006.251,500,33,2.020.919,504,34,1.324.257,330,22,1.655.448,413,28,7.006.875,1.747,116
lunes,6,1-jun,23,5.359.032,1.315,4.306.365,1.057,3.540.789,869,4.593.456,1.127,17.799.643,4.368,,,,,,,,,,,6,1-jun,4%,4%,4%,4%,,lunes,6,1-jun,23,3.860.426,947,63,3.888.649,954,64,2.548.133,625,42,3.185.410,781,52,13.482.618,3.307,220
martes,6,2-jun,23,5.336.703,1.310,4.288.422,1.052,3.526.036,865,4.574.317,1.123,17.725.478,4.350,,,,,,,,,,,6,2-jun,4%,4%,4%,4%,,martes,6,2-jun,23,3.844.341,943,63,3.872.446,950,63,2.537.516,622,41,3.172.137,778,52,13.426.440,3.294,220
miércoles,6,3-jun,23,5.036.821,1.236,4.047.445,993,3.327.899,817,4.317.275,1.060,16.729.440,4.106,,,,,,,,,,,6,3-jun,4%,4%,4%,4%,,miércoles,6,3-jun,23,3.628.318,890,59,3.654.844,897,60,2.394.927,587,39,2.993.887,734,49,12.671.976,3.108,207
jueves,6,4-jun,23,3.914.461,961,3.145.549,772,2.586.340,635,3.355.252,823,13.001.601,3.191,,,,,,,,,,,6,4-jun,3%,3%,3%,3%,,jueves,6,4-jun,23,2.819.816,692,46,2.840.431,697,46,1.861.263,457,30,2.326.756,571,38,9.848.266,2.416,161
viernes,6,5-jun,23,5.243.813,1.287,4.213.779,1.034,3.464.662,850,4.494.697,1.103,17.416.951,4.274,,,,,,,,,,,6,5-jun,4%,4%,4%,4%,,viernes,6,5-jun,23,3.777.427,927,62,3.805.043,933,62,2.493.348,612,41,3.116.924,765,51,13.192.742,3.236,216
sábado,6,6-jun,23,3.873.062,951,3.112.282,764,2.558.987,628,3.319.767,815,12.864.099,3.157,,,,,,,,,,,6,6-jun,3%,3%,3%,3%,,sábado,6,6-jun,23,2.789.994,684,46,2.810.391,689,46,1.841.578,452,30,2.302.149,565,38,9.744.113,2.390,159
domingo,6,7-jun,24,3.114.089,764,2.502.393,614,2.057.523,505,2.669.219,655,10.343.225,2.538,,,,,,,,,,,6,7-jun,2%,2%,2%,2%,,domingo,6,7-jun,24,2.243.261,550,37,2.259.661,554,37,1.480.699,363,24,1.851.015,454,30,7.834.637,1.922,128
lunes,6,8-jun,24,5.519.803,1.355,4.435.556,1.089,3.647.013,895,4.731.260,1.161,18.333.633,4.499,,,,,,,,,,,6,8-jun,4%,4%,4%,4%,,lunes,6,8-jun,24,3.976.239,975,65,4.005.308,983,66,2.624.577,644,43,3.280.972,805,54,13.887.097,3.407,227
martes,6,9-jun,24,5.496.804,1.349,4.417.075,1.084,3.631.817,891,4.711.546,1.156,18.257.243,4.481,,,,,,,,,,,6,9-jun,4%,4%,4%,4%,,martes,6,9-jun,24,3.959.671,971,65,3.988.620,978,65,2.613.641,641,43,3.267.301,801,53,13.829.234,3.392,226
miércoles,6,10-jun,24,5.187.925,1.273,4.168.868,1.023,3.427.736,841,4.446.793,1.091,17.231.323,4.229,,,,,,,,,,,6,10-jun,4%,4%,4%,4%,,miércoles,6,10-jun,24,3.737.167,917,61,3.764.489,923,62,2.466.774,605,40,3.083.704,756,50,13.052.135,3.202,213
jueves,6,11-jun,24,4.031.894,989,3.239.915,795,2.663.930,654,3.455.909,848,13.391.649,3.287,,,,,,,,,,,6,11-jun,3%,3%,3%,3%,,jueves,6,11-jun,24,2.904.411,712,47,2.925.644,718,48,1.917.100,470,31,2.396.559,588,39,10.143.714,2.488,166
viernes,6,12-jun,24,5.401.128,1.326,4.340.192,1.065,3.568.602,876,4.629.538,1.136,17.939.460,4.403,,,,,,,,,,,6,12-jun,4%,4%,4%,4%,,viernes,6,12-jun,24,3.890.750,954,64,3.919.194,961,64,2.568.149,630,42,3.210.431,788,53,13.588.524,3.333,222
sábado,6,13-jun,24,3.989.254,979,3.205.650,787,2.635.757,647,3.419.361,839,13.250.022,3.252,,,,,,,,,,,6,13-jun,3%,3%,3%,3%,,sábado,6,13-jun,24,2.873.694,705,47,2.894.703,710,47,1.896.826,465,31,2.371.213,582,39,10.036.436,2.462,164
domingo,6,14-jun,25,3.207.512,787,2.577.465,633,2.119.249,520,2.749.296,675,10.653.521,2.615,,,,,,,,,,,6,14-jun,2%,2%,2%,2%,,domingo,6,14-jun,25,2.310.559,567,38,2.327.451,571,38,1.525.120,374,25,1.906.546,468,31,8.069.676,1.980,132
lunes,6,15-jun,25,5.697.202,1.395,4.578.108,1.121,3.764.223,922,4.883.316,1.196,18.922.848,4.634,,,,,,,,,,,6,15-jun,4%,4%,4%,4%,,lunes,6,15-jun,25,4.104.029,1.007,67,4.134.033,1.014,68,2.708.927,665,44,3.386.418,831,55,14.333.407,3.516,234
martes,6,16-jun,25,4.777.056,1.170,3.838.706,940,3.156.269,773,4.094.620,1.003,15.866.651,3.886,,,,,,,,,,,6,16-jun,3%,3%,3%,3%,,martes,6,16-jun,25,3.441.194,844,56,3.466.352,850,57,2.271.413,557,37,2.839.483,697,46,12.018.442,2.948,197
miércoles,6,17-jun,25,4.508.622,1.104,3.622.999,887,2.978.911,730,3.864.533,946,14.975.064,3.668,,,,,,,,,,,6,17-jun,3%,3%,3%,3%,,miércoles,6,17-jun,25,3.247.825,797,53,3.271.569,803,54,2.143.777,526,35,2.679.925,657,44,11.343.096,2.783,186
jueves,6,18-jun,25,4.161.473,1.019,3.344.041,819,2.749.545,673,3.566.977,874,13.822.037,3.385,,,,,,,,,,,6,18-jun,3%,3%,3%,3%,,jueves,6,18-jun,25,2.997.754,735,49,3.019.670,741,49,1.978.713,485,32,2.473.581,607,40,10.469.718,2.568,171
viernes,6,19-jun,25,5.574.712,1.365,4.479.679,1.097,3.683.292,902,4.778.324,1.170,18.516.007,4.535,,,,,,,,,,,6,19-jun,4%,4%,4%,4%,,viernes,6,19-jun,25,4.015.793,985,66,4.045.151,992,66,2.650.685,650,43,3.313.610,813,54,14.025.239,3.440,229
sábado,6,20-jun,25,3.466.904,849,2.785.905,682,2.290.633,561,2.971.632,728,11.515.072,2.820,,,,,,,,,,,6,20-jun,2%,2%,2%,2%,,sábado,6,20-jun,25,2.497.414,613,41,2.515.673,617,41,1.648.456,404,27,2.060.728,506,34,8.722.271,2.140,143
domingo,6,21-jun,26,3.310.596,811,2.660.301,652,2.187.358,536,2.837.654,695,10.995.909,2.693,,,,,,,,,,,6,21-jun,2%,2%,2%,2%,,domingo,6,21-jun,26,2.384.817,585,39,2.402.252,589,39,1.574.135,386,26,1.967.819,483,32,8.329.023,2.043,136
lunes,6,22-jun,26,5.855.959,1.437,4.705.682,1.155,3.869.116,950,5.019.394,1.232,19.450.151,4.773,,,,,,,,,,,6,22-jun,4%,4%,4%,4%,,lunes,6,22-jun,26,4.218.392,1.035,69,4.249.232,1.042,69,2.784.414,683,46,3.480.783,854,57,14.732.821,3.614,241
martes,6,23-jun,26,5.831.560,1.431,4.686.075,1.150,3.852.995,946,4.998.480,1.227,19.369.109,4.753,,,,,,,,,,,6,23-jun,4%,4%,4%,4%,,martes,6,23-jun,26,4.200.815,1.030,69,4.231.527,1.038,69,2.772.812,680,45,3.466.280,850,57,14.671.434,3.599,240
miércoles,6,24-jun,26,5.503.870,1.351,4.422.753,1.085,3.636.485,892,4.717.603,1.158,18.280.711,4.486,,,,,,,,,,,6,24-jun,4%,4%,4%,4%,,miércoles,6,24-jun,26,3.964.761,973,65,3.993.747,980,65,2.617.001,642,43,3.271.501,803,54,13.847.010,3.397,226
jueves,6,25-jun,26,4.277.437,1.050,3.437.226,844,2.826.164,694,3.666.374,900,14.207.201,3.487,,,,,,,,,,,6,25-jun,3%,3%,3%,3%,,jueves,6,25-jun,26,3.081.289,756,50,3.103.816,761,51,2.033.852,499,33,2.542.509,624,42,10.761.466,2.640,176
viernes,6,26-jun,26,5.730.056,1.406,4.604.510,1.130,3.785.930,929,4.911.477,1.205,19.031.973,4.671,,,,,,,,,,,6,26-jun,4%,4%,4%,4%,,viernes,6,26-jun,26,4.127.696,1.013,68,4.157.873,1.020,68,2.724.549,668,45,3.405.947,835,56,14.416.065,3.536,236
sábado,6,27-jun,26,4.232.199,1.039,3.400.875,835,2.796.275,686,3.627.600,890,14.056.948,3.450,,,,,,,,,,,6,27-jun,3%,3%,3%,3%,,sábado,6,27-jun,26,3.048.702,748,50,3.070.991,753,50,2.012.342,494,33,2.515.620,617,41,10.647.655,2.612,174
domingo,6,28-jun,27,3.402.849,835,2.734.432,671,2.248.311,552,2.916.728,716,11.302.321,2.774,,,,,,,,,,,6,28-jun,2%,2%,2%,2%,,domingo,6,28-jun,27,2.451.272,601,40,2.469.193,606,40,1.618.000,397,26,2.022.654,496,33,8.561.119,2.100,140
lunes,6,29-jun,27,6.031.638,1.480,4.846.852,1.189,3.985.190,978,5.169.976,1.269,20.033.656,4.917,,,,,,,,,,,6,29-jun,4%,4%,4%,4%,,lunes,6,29-jun,27,4.344.944,1.066,71,4.376.709,1.074,72,2.867.946,704,47,3.585.207,879,59,15.174.805,3.722,248
martes,6,30-jun,27,6.006.506,1.474,4.826.657,1.185,3.968.585,974,5.148.434,1.264,19.950.182,4.896,,,,,,,,,,,6,30-jun,4%,4%,4%,4%,,martes,6,30-jun,27,4.326.840,1.061,71,4.358.472,1.069,71,2.855.997,701,47,3.570.269,876,58,15.111.577,3.707,247
miércoles,7,1-jul,27,6.318.914,1.526,5.077.698,1.227,4.174.996,1.008,5.416.212,1.308,20.987.820,5.070,,,,,,,,,,,7,1-jul,3%,3%,3%,3%,,miércoles,7,1-jul,27,4.567.967,1.103,74,4.601.363,1.111,74,3.015.156,728,49,3.769.234,910,61,15.953.720,3.854,257
jueves,7,2-jul,27,4.910.863,1.186,3.946.230,953,3.244.678,784,4.209.312,1.017,16.311.082,3.940,,,,,,,,,,,7,2-jul,3%,3%,3%,3%,,jueves,7,2-jul,27,3.550.082,858,57,3.576.036,864,58,2.343.286,566,38,2.929.331,708,47,12.398.736,2.995,200
viernes,7,3-jul,27,6.578.595,1.589,5.286.371,1.277,4.346.572,1.050,5.638.796,1.362,21.850.333,5.278,,,,,,,,,,,7,3-jul,4%,4%,4%,4%,,viernes,7,3-jul,27,4.755.692,1.149,77,4.790.460,1.157,77,3.139.067,758,51,3.924.134,948,63,16.609.352,4.012,267
sábado,7,4-jul,27,4.858.927,1.174,3.904.495,943,3.210.363,775,4.164.795,1.006,16.138.579,3.898,,,,,,,,,,,7,4-jul,3%,3%,3%,3%,,sábado,7,4-jul,27,3.512.537,848,57,3.538.217,855,57,2.318.504,560,37,2.898.351,700,47,12.267.609,2.963,198
domingo,7,5-jul,28,3.906.762,944,3.139.362,758,2.581.254,624,3.348.653,809,12.976.031,3.134,,,,,,,,,,,7,5-jul,2%,2%,2%,2%,,domingo,7,5-jul,28,2.824.213,682,45,2.844.861,687,46,1.864.165,450,30,2.330.385,563,38,9.863.624,2.383,159
lunes,7,6-jul,28,6.924.837,1.673,5.564.601,1.344,4.575.339,1.105,5.935.574,1.434,23.000.351,5.556,,,,,,,,,,,7,6-jul,4%,4%,4%,4%,,lunes,7,6-jul,28,5.005.991,1.209,81,5.042.589,1.218,81,3.304.281,798,53,4.130.667,998,67,17.483.528,4.223,282
martes,7,7-jul,28,6.895.983,1.666,5.541.415,1.339,4.556.275,1.101,5.910.843,1.428,22.904.516,5.533,,,,,,,,,,,7,7-jul,4%,4%,4%,4%,,martes,7,7-jul,28,4.985.133,1.204,80,5.021.578,1.213,81,3.290.513,795,53,4.113.456,994,66,17.410.680,4.206,280
miércoles,7,8-jul,28,5.480.141,1.324,4.403.685,1.064,3.620.807,875,4.697.264,1.135,18.201.897,4.397,,,,,,,,,,,7,8-jul,3%,3%,3%,3%,,miércoles,7,8-jul,28,3.961.615,957,64,3.990.578,964,64,2.614.925,632,42,3.268.906,790,53,13.836.023,3.342,223
jueves,7,9-jul,28,4.258.995,1.029,3.422.407,827,2.813.979,680,3.650.568,882,14.145.949,3.417,,,,,,,,,,,7,9-jul,2%,2%,2%,2%,,jueves,7,9-jul,28,3.078.844,744,50,3.101.353,749,50,2.032.238,491,33,2.540.492,614,41,10.752.927,2.597,173
viernes,7,10-jul,28,5.705.352,1.378,4.584.658,1.107,3.769.608,911,4.890.302,1.181,18.949.920,4.577,,,,,,,,,,,7,10-jul,3%,3%,3%,3%,,viernes,7,10-jul,28,4.124.421,996,66,4.154.574,1.004,67,2.722.387,658,44,3.403.244,822,55,14.404.627,3.479,232
sábado,7,11-jul,28,5.004.695,1.209,4.021.630,971,3.306.673,799,4.289.739,1.036,16.622.737,4.015,,,,,,,,,,,7,11-jul,3%,3%,3%,3%,,sábado,7,11-jul,28,3.617.913,874,58,3.644.363,880,59,2.388.059,577,38,2.985.302,721,48,12.635.637,3.052,203
domingo,7,12-jul,29,4.023.965,972,3.233.543,781,2.658.691,642,3.449.113,833,13.365.312,3.228,,,,,,,,,,,7,12-jul,2%,2%,2%,2%,,domingo,7,12-jul,29,2.908.940,703,47,2.930.207,708,47,1.920.090,464,31,2.400.296,580,39,10.159.533,2.454,164
lunes,7,13-jul,29,7.132.582,1.723,5.731.539,1.384,4.712.599,1.138,6.113.642,1.477,23.690.361,5.722,,,,,,,,,,,7,13-jul,4%,4%,4%,4%,,lunes,7,13-jul,29,5.156.171,1.245,83,5.193.867,1.255,84,3.403.409,822,55,4.254.587,1.028,69,18.008.034,4.350,290
martes,7,14-jul,29,7.102.863,1.716,5.707.658,1.379,4.692.963,1.134,6.088.168,1.471,23.591.651,5.699,,,,,,,,,,,7,14-jul,4%,4%,4%,4%,,martes,7,14-jul,29,5.134.687,1.240,83,5.172.226,1.249,83,3.389.229,819,55,4.236.859,1.023,68,17.933.001,4.332,289
miércoles,7,15-jul,29,6.703.735,1.619,5.386.930,1.301,4.429.254,1.070,5.746.059,1.388,22.265.978,5.378,,,,,,,,,,,7,15-jul,4%,4%,4%,4%,,miércoles,7,15-jul,29,4.846.156,1.171,78,4.881.586,1.179,79,3.198.779,773,52,3.998.780,966,64,16.925.301,4.088,273
jueves,7,16-jul,29,5.209.935,1.258,4.186.555,1.011,3.442.278,831,4.465.659,1.079,17.304.427,4.180,,,,,,,,,,,7,16-jul,3%,3%,3%,3%,,jueves,7,16-jul,29,3.766.282,910,61,3.793.817,916,61,2.485.992,600,40,3.107.728,751,50,13.153.818,3.177,212
viernes,7,17-jul,29,6.979.231,1.686,5.608.311,1.355,4.611.278,1.114,5.982.198,1.445,23.181.019,5.599,,,,,,,,,,,7,17-jul,4%,4%,4%,4%,,viernes,7,17-jul,29,5.045.313,1.219,81,5.082.199,1.228,82,3.330.236,804,54,4.163.113,1.006,67,17.620.861,4.256,284
sábado,7,18-jul,29,5.154.836,1.245,4.142.279,1.001,3.405.874,823,4.418.431,1.067,17.121.419,4.136,,,,,,,,,,,7,18-jul,3%,3%,3%,3%,,sábado,7,18-jul,29,3.726.451,900,60,3.753.694,907,60,2.459.701,594,40,3.074.861,743,50,13.014.706,3.144,210
domingo,7,19-jul,30,4.144.684,1.001,3.330.550,804,2.738.452,661,3.552.586,858,13.766.272,3.325,,,,,,,,,,,7,19-jul,2%,2%,2%,2%,,domingo,7,19-jul,30,2.996.208,724,48,3.018.113,729,49,1.977.693,478,32,2.472.305,597,40,10.464.319,2.528,169
lunes,7,20-jul,30,7.346.559,1.775,5.903.485,1.426,4.853.977,1.172,6.297.051,1.521,24.401.072,5.894,,,,,,,,,,,7,20-jul,4%,4%,4%,4%,,lunes,7,20-jul,30,5.310.856,1.283,86,5.349.683,1.292,86,3.505.512,847,56,4.382.225,1.059,71,18.548.275,4.480,299
martes,7,21-jul,30,7.315.949,1.767,5.878.887,1.420,4.833.752,1.168,6.270.813,1.515,24.299.401,5.870,,,,,,,,,,,7,21-jul,4%,4%,4%,4%,,martes,7,21-jul,30,5.288.728,1.277,85,5.327.393,1.287,86,3.490.905,843,56,4.363.965,1.054,70,18.470.991,4.462,297
miércoles,7,22-jul,30,6.904.847,1.668,5.548.538,1.340,4.562.131,1.102,5.918.441,1.430,22.933.958,5.540,,,,,,,,,,,7,22-jul,4%,4%,4%,4%,,miércoles,7,22-jul,30,4.991.541,1.206,80,5.028.033,1.215,81,3.294.743,796,53,4.118.743,995,66,17.433.060,4.211,281
jueves,7,23-jul,30,5.366.233,1.296,4.312.152,1.042,3.545.547,856,4.599.628,1.111,17.823.560,4.305,,,,,,,,,,,7,23-jul,3%,3%,3%,3%,,jueves,7,23-jul,30,3.879.271,937,62,3.907.631,944,63,2.560.572,619,41,3.200.959,773,52,13.548.433,3.273,218
viernes,7,24-jul,30,7.188.608,1.736,5.776.560,1.395,4.749.616,1.147,6.161.664,1.488,23.876.449,5.767,,,,,,,,,,,7,24-jul,4%,4%,4%,4%,,viernes,7,24-jul,30,5.196.673,1.255,84,5.234.665,1.264,84,3.430.143,829,55,4.288.007,1.036,69,18.149.487,4.384,292
sábado,7,25-jul,30,5.309.481,1.283,4.266.547,1.031,3.508.050,847,4.550.984,1.099,17.635.062,4.260,,,,,,,,,,,7,25-jul,3%,3%,3%,3%,,sábado,7,25-jul,30,3.838.244,927,62,3.866.305,934,62,2.533.492,612,41,3.167.107,765,51,13.405.148,3.238,216
domingo,7,26-jul,31,4.269.024,1.031,3.430.466,829,2.820.605,681,3.659.164,884,14.179.260,3.425,,,,,,,,,,,7,26-jul,2%,2%,2%,2%,,domingo,7,26-jul,31,3.086.094,745,50,3.108.656,751,50,2.037.024,492,33,2.546.474,615,41,10.778.248,2.603,174
lunes,7,27-jul,31,7.566.956,1.828,6.080.590,1.469,4.999.596,1.208,6.485.962,1.567,25.133.104,6.071,,,,,,,,,,,7,27-jul,4%,4%,4%,4%,,lunes,7,27-jul,31,5.470.182,1.321,88,5.510.173,1.331,89,3.610.677,872,58,4.513.691,1.090,73,19.104.723,4.615,308
martes,7,28-jul,31,7.535.427,1.820,6.055.254,1.463,4.978.764,1.203,6.458.938,1.560,25.028.383,6.046,,,,,,,,,,,7,28-jul,4%,4%,4%,4%,,martes,7,28-jul,31,5.447.389,1.316,88,5.487.214,1.325,88,3.595.633,869,58,4.494.884,1.086,72,19.025.120,4.596,306
miércoles,7,29-jul,31,7.111.993,1.718,5.714.994,1.380,4.698.995,1.135,6.095.994,1.472,23.621.976,5.706,,,,,,,,,,,7,29-jul,4%,4%,4%,4%,,miércoles,7,29-jul,31,5.141.287,1.242,83,5.178.874,1.251,83,3.393.585,820,55,4.242.306,1.025,68,17.956.052,4.337,289
jueves,7,30-jul,31,5.527.220,1.335,4.441.516,1.073,3.651.913,882,4.737.617,1.144,18.358.267,4.434,,,,,,,,,,,7,30-jul,3%,3%,3%,3%,,jueves,7,30-jul,31,3.995.649,965,64,4.024.860,972,65,2.637.389,637,42,3.296.988,796,53,13.954.886,3.371,225
viernes,7,31-jul,31,7.404.267,1.789,5.949.857,1.437,4.892.105,1.182,6.346.514,1.533,24.592.743,5.940,,,,,,,,,,,7,31-jul,4%,4%,4%,4%,,viernes,7,31-jul,31,5.352.573,1.293,86,5.391.705,1.302,87,3.533.047,853,57,4.416.647,1.067,71,18.693.972,4.516,301
sábado,8,1-ago,31,5.534.424,1.321,4.447.305,1.062,3.656.673,873,4.743.792,1.132,18.382.193,4.388,,,,,,,,,,,8,1-ago,3%,3%,3%,3%,,sábado,8,1-ago,31,3.779.219,902,60,3.806.848,909,61,2.494.531,595,40,3.118.402,744,50,13.199.000,3.150,210
domingo,8,2-ago,32,4.449.887,1.062,3.575.802,853,2.940.104,702,3.814.189,910,14.779.982,3.528,,,,,,,,,,,8,2-ago,2%,2%,2%,2%,,domingo,8,2-ago,32,3.038.636,725,48,3.060.850,731,49,2.005.698,479,32,2.507.314,598,40,10.612.498,2.533,169
lunes,8,3-ago,32,7.887.540,1.883,6.338.202,1.513,5.211.410,1.244,6.760.748,1.614,26.197.900,6.253,,,,,,,,,,,8,3-ago,4%,4%,4%,4%,,lunes,8,3-ago,32,5.386.060,1.286,86,5.425.437,1.295,86,3.555.151,849,57,4.444.279,1.061,71,18.810.926,4.490,299
martes,8,4-ago,32,7.854.675,1.875,6.311.792,1.507,5.189.696,1.239,6.732.579,1.607,26.088.742,6.227,,,,,,,,,,,8,4-ago,4%,4%,4%,4%,,martes,8,4-ago,32,5.363.618,1.280,85,5.402.831,1.290,86,3.540.338,845,56,4.425.761,1.056,70,18.732.547,4.471,298
miércoles,8,5-ago,32,7.413.301,1.769,5.957.117,1.422,4.898.074,1.169,6.354.258,1.517,24.622.751,5.877,,,,,,,,,,,8,5-ago,3%,3%,3%,3%,,miércoles,8,5-ago,32,5.062.223,1.208,81,5.099.232,1.217,81,3.341.398,798,53,4.177.066,997,66,17.679.919,4.220,281
jueves,8,6-ago,32,5.761.388,1.375,4.629.687,1.105,3.806.631,909,4.938.332,1.179,19.136.038,4.567,,,,,,,,,,,8,6-ago,3%,3%,3%,3%,,jueves,8,6-ago,32,3.934.203,939,63,3.962.965,946,63,2.596.831,620,41,3.246.286,775,52,13.740.284,3.280,219
viernes,8,7-ago,32,7.717.958,1.842,6.201.930,1.480,5.099.365,1.217,6.615.392,1.579,25.634.645,6.119,,,,,,,,,,,8,7-ago,4%,4%,4%,4%,,viernes,8,7-ago,32,5.270.260,1.258,84,5.308.790,1.267,84,3.478.715,830,55,4.348.727,1.038,69,18.406.491,4.393,293
sábado,8,8-ago,32,5.700.456,1.361,4.580.724,1.093,3.766.373,899,4.886.106,1.166,18.933.659,4.519,,,,,,,,,,,8,8-ago,3%,3%,3%,3%,,sábado,8,8-ago,32,3.892.595,929,62,3.921.053,936,62,2.569.367,613,41,3.211.954,767,51,13.594.970,3.245,216
domingo,8,9-ago,33,4.583.384,1.094,3.683.076,879,3.028.307,723,3.928.615,938,15.223.381,3.634,,,,,,,,,,,8,9-ago,2%,2%,2%,2%,,domingo,8,9-ago,33,3.129.795,747,50,3.152.676,752,50,2.065.869,493,33,2.582.533,616,41,10.930.872,2.609,174
lunes,8,10-ago,33,8.124.166,1.939,6.528.348,1.558,5.367.753,1.281,6.963.571,1.662,26.983.837,6.441,,,,,,,,,,,8,10-ago,4%,4%,4%,4%,,lunes,8,10-ago,33,5.547.642,1.324,88,5.588.200,1.334,89,3.661.806,874,58,4.577.607,1.093,73,19.375.254,4.625,308
martes,8,11-ago,33,8.090.315,1.931,6.501.146,1.552,5.345.387,1.276,6.934.556,1.655,26.871.404,6.414,,,,,,,,,,,8,11-ago,4%,4%,4%,4%,,martes,8,11-ago,33,5.524.527,1.319,88,5.564.915,1.328,89,3.646.548,870,58,4.558.534,1.088,73,19.294.524,4.605,307
miércoles,8,12-ago,33,7.635.700,1.823,6.135.831,1.465,5.045.016,1.204,6.544.886,1.562,25.361.434,6.053,,,,,,,,,,,8,12-ago,4%,4%,4%,4%,,miércoles,8,12-ago,33,5.214.090,1.245,83,5.252.209,1.254,84,3.441.640,821,55,4.302.378,1.027,68,18.210.317,4.347,290
jueves,8,13-ago,33,5.934.229,1.416,4.768.577,1.138,3.920.830,936,5.086.482,1.214,19.710.119,4.704,,,,,,,,,,,8,13-ago,3%,3%,3%,3%,,jueves,8,13-ago,33,4.052.229,967,64,4.081.854,974,65,2.674.735,638,43,3.343.675,798,53,14.152.493,3.378,225
viernes,8,14-ago,33,7.949.496,1.897,6.387.988,1.525,5.252.346,1.254,6.813.854,1.626,26.403.684,6.302,,,,,,,,,,,8,14-ago,4%,4%,4%,4%,,viernes,8,14-ago,33,5.428.368,1.296,86,5.468.053,1.305,87,3.583.077,855,57,4.479.188,1.069,71,18.958.686,4.525,302
sábado,8,15-ago,33,5.871.470,1.401,4.718.146,1.126,3.879.364,926,5.032.689,1.201,19.501.669,4.655,,,,,,,,,,,8,15-ago,3%,3%,3%,3%,,sábado,8,15-ago,33,4.009.373,957,64,4.038.685,964,64,2.646.448,632,42,3.308.313,790,53,14.002.819,3.342,223
domingo,8,16-ago,34,4.720.885,1.127,3.793.568,905,3.119.156,744,4.046.473,966,15.680.083,3.743,,,,,,,,,,,8,16-ago,2%,2%,2%,2%,,domingo,8,16-ago,34,3.223.688,769,51,3.247.256,775,52,2.127.845,508,34,2.660.009,635,42,11.258.799,2.687,179
lunes,8,17-ago,34,7.045.764,1.682,5.661.775,1.351,4.655.237,1.111,6.039.226,1.441,23.402.002,5.586,,,,,,,,,,,8,17-ago,3%,3%,3%,3%,,lunes,8,17-ago,34,4.811.248,1.148,77,4.846.422,1.157,77,3.175.738,758,51,3.969.975,948,63,16.803.383,4.011,267
martes,8,18-ago,34,8.333.025,1.989,6.696.181,1.598,5.505.748,1.314,7.142.593,1.705,27.677.546,6.606,,,,,,,,,,,8,18-ago,4%,4%,4%,4%,,martes,8,18-ago,34,5.690.262,1.358,91,5.731.863,1.368,91,3.755.945,896,60,4.695.290,1.121,75,19.873.360,4.743,316
miércoles,8,19-ago,34,7.864.772,1.877,6.319.906,1.508,5.196.367,1.240,6.741.233,1.609,26.122.277,6.235,,,,,,,,,,,8,19-ago,4%,4%,4%,4%,,miércoles,8,19-ago,34,5.370.513,1.282,85,5.409.775,1.291,86,3.544.889,846,56,4.431.450,1.058,71,18.756.626,4.477,298
jueves,8,20-ago,34,6.112.256,1.459,4.911.634,1.172,4.038.455,964,5.239.077,1.250,20.301.422,4.846,,,,,,,,,,,8,20-ago,3%,3%,3%,3%,,jueves,8,20-ago,34,4.173.796,996,66,4.204.309,1.004,67,2.754.977,658,44,3.443.985,822,55,14.577.068,3.479,232
viernes,8,21-ago,34,8.187.981,1.954,6.579.628,1.570,5.409.916,1.291,7.018.270,1.675,27.195.795,6.491,,,,,,,,,,,8,21-ago,4%,4%,4%,4%,,viernes,8,21-ago,34,5.591.219,1.335,89,5.632.095,1.344,90,3.690.569,881,59,4.613.564,1.101,73,19.527.447,4.661,311
sábado,8,22-ago,34,6.047.614,1.443,4.859.690,1.160,3.995.745,954,5.183.669,1.237,20.086.719,4.794,,,,,,,,,,,8,22-ago,3%,3%,3%,3%,,sábado,8,22-ago,34,4.129.654,986,66,4.159.846,993,66,2.725.841,651,43,3.407.562,813,54,14.422.904,3.443,230
domingo,8,23-ago,35,4.862.512,1.161,3.907.375,933,3.212.731,767,4.167.867,995,16.150.485,3.855,,,,,,,,,,,8,23-ago,2%,2%,2%,2%,,domingo,8,23-ago,35,3.320.399,793,53,3.344.674,798,53,2.191.680,523,35,2.739.810,654,44,11.596.563,2.768,185
lunes,8,24-ago,35,8.618.928,2.057,6.925.924,1.653,5.694.649,1.359,7.387.652,1.763,28.627.153,6.833,,,,,,,,,,,8,24-ago,4%,4%,4%,4%,,lunes,8,24-ago,35,5.885.493,1.405,94,5.928.521,1.415,94,3.884.810,927,62,4.856.383,1.159,77,20.555.207,4.906,327
martes,8,25-ago,35,8.583.015,2.049,6.897.066,1.646,5.670.921,1.354,7.356.870,1.756,28.507.873,6.804,,,,,,,,,,,8,25-ago,4%,4%,4%,4%,,martes,8,25-ago,35,5.860.970,1.399,93,5.903.819,1.409,94,3.868.623,923,62,4.836.148,1.154,77,20.469.560,4.886,326
miércoles,8,26-ago,35,8.100.715,1.934,6.509.503,1.554,5.352.258,1.278,6.943.470,1.657,26.905.945,6.422,,,,,,,,,,,8,26-ago,4%,4%,4%,4%,,miércoles,8,26-ago,35,5.531.628,1.320,88,5.572.069,1.330,89,3.651.235,871,58,4.564.393,1.089,73,19.319.325,4.611,307
jueves,8,27-ago,35,6.295.624,1.503,5.058.983,1.208,4.159.609,993,5.396.249,1.288,20.910.465,4.991,,,,,,,,,,,8,27-ago,3%,3%,3%,3%,,jueves,8,27-ago,35,4.299.009,1.026,68,4.330.439,1.034,69,2.837.627,677,45,3.547.305,847,56,15.014.380,3.584,239
viernes,8,28-ago,35,8.433.621,2.013,6.777.017,1.618,5.572.214,1.330,7.228.818,1.725,28.011.669,6.686,,,,,,,,,,,8,28-ago,4%,4%,4%,4%,,viernes,8,28-ago,35,5.758.955,1.375,92,5.801.058,1.385,92,3.801.286,907,60,4.751.971,1.134,76,20.113.270,4.801,320
sábado,8,29-ago,35,6.229.043,1.487,5.005.481,1.195,4.115.617,982,5.339.179,1.274,20.689.320,4.938,,,,,,,,,,,8,29-ago,3%,3%,3%,3%,,sábado,8,29-ago,35,4.253.544,1.015,68,4.284.641,1.023,68,2.807.617,670,45,3.509.789,838,56,14.855.591,3.546,236
domingo,8,30-ago,36,5.008.387,1.195,4.024.597,961,3.309.113,790,4.292.903,1.025,16.635.000,3.971,,,,,,,,,,,8,30-ago,2%,2%,2%,2%,,domingo,8,30-ago,36,3.420.011,816,54,3.445.014,822,55,2.257.430,539,36,2.822.004,674,45,11.944.460,2.851,190
lunes,8,31-ago,36,8.877.496,2.119,7.133.702,1.703,5.865.488,1.400,7.609.282,1.816,29.485.967,7.038,,,,,,,,,,,8,31-ago,4%,4%,4%,4%,,lunes,8,31-ago,36,6.062.058,1.447,96,6.106.377,1.457,97,4.001.354,955,64,5.002.075,1.194,80,21.171.863,5.053,337